,p_val,avg_log2FC,pct.1,pct.2,p_val_adj
BRMS1,2.74E-09,-0.253044621,0.493,0.663,0.000100198
DDO,2.75E-09,-1.940637412,0.039,0.164,0.000100718
ANGEL1,2.78E-09,-1.008545678,0.12,0.277,0.00010163
CDC37L1,2.78E-09,-0.867052777,0.3,0.463,0.000101731
C11orf80,2.80E-09,0.207297196,0.37,0.585,0.000102594
TSNARE1,2.83E-09,-0.391600116,0.308,0.484,0.00010376
CHEK2,2.84E-09,-0.987449887,0.216,0.375,0.000104036
MX1,2.84E-09,-1.438355337,0.266,0.418,0.000104088
MRM2,2.88E-09,0.223103375,0.106,0.259,0.000105509
MPND,2.89E-09,-0.167011178,0.188,0.367,0.00010577
PISD,2.92E-09,0.30524137,0.658,0.835,0.000106965
ARID1A,2.93E-09,0.568358378,0.975,0.988,0.000107206
ZC2HC1C,2.95E-09,-2.066139348,0.059,0.191,0.000107858
FBXL6,2.97E-09,-0.230600853,0.146,0.319,0.000108582
SYT11,2.99E-09,-1.5182947,0.221,0.379,0.000109395
BCL2L1-AS1,2.99E-09,-1.124612784,0.115,0.267,0.000109526
C14orf93,3.06E-09,-1.073270454,0.132,0.293,0.000111873
UNC50,3.06E-09,-1.148717592,0.241,0.404,0.000111998
PCTP,3.07E-09,-0.364483983,0.353,0.541,0.000112408
SLC35A5,3.09E-09,0.650760373,0.16,0.323,0.000112991
GPN3,3.13E-09,-0.228601193,0.185,0.356,0.000114615
BCL9,3.20E-09,-2.411567421,0.045,0.169,0.000117077
RAB38,3.21E-09,-1.354768008,0.092,0.233,0.00011755
TMEM68,3.22E-09,-0.82167608,0.196,0.362,0.000117742
SLC30A7,3.22E-09,0.100304458,0.625,0.8,0.00011787
MRPS31,3.22E-09,-0.751637144,0.289,0.464,0.000118021
SEPTIN1,3.23E-09,-0.746305821,0.188,0.35,0.000118089
RP11-158G18.1,3.23E-09,-1.32985486,0.056,0.192,0.000118322
BAG2,3.25E-09,-0.496391645,0.171,0.337,0.00011905
DCTN5,3.28E-09,-0.18080811,0.529,0.726,0.000120155
KIAA1328,3.33E-09,-0.436740997,0.56,0.717,0.00012201
AEBP1,3.34E-09,-1.342490733,0.064,0.203,0.0001221
GLT8D1,3.34E-09,-1.063538575,0.157,0.315,0.000122187
CYHR1,3.37E-09,0.202947529,0.459,0.658,0.000123193
MRPS30,3.37E-09,-0.369924833,0.434,0.606,0.000123276
USB1,3.37E-09,0.222311414,0.23,0.413,0.000123277
CBR1,3.40E-09,-0.367720214,0.129,0.281,0.000124396
GDE1,3.40E-09,-0.259481238,0.457,0.618,0.000124467
SNRNP25,3.56E-09,-1.582206175,0.249,0.4,0.000130224
RNF8,3.57E-09,-0.576509684,0.224,0.395,0.000130632
NAGPA,3.57E-09,-0.397177646,0.221,0.4,0.000130773
CAPN11,3.59E-09,-1.796535486,0.059,0.192,0.000131411
GMPR2,3.60E-09,-0.799189737,0.336,0.491,0.000131906
EXOC7,3.65E-09,0.161126897,0.633,0.802,0.000133673
ALDH6A1,3.70E-09,-0.957630161,0.204,0.371,0.000135527
FIG4,3.72E-09,-0.547701103,0.339,0.52,0.00013627
TFPI,3.73E-09,0.250925327,0.641,0.84,0.000136505
NFXL1,3.73E-09,-0.579539355,0.263,0.432,0.000136682
OCIAD1,3.76E-09,-0.210211526,0.762,0.919,0.000137464
OPHN1,3.76E-09,-0.600683502,0.277,0.468,0.000137705
RP11-421L21.3,3.82E-09,-0.411491441,0.266,0.441,0.000139973
ME3,3.85E-09,-0.101169643,0.37,0.549,0.000140844
VAV2,3.85E-09,-1.095626716,0.224,0.405,0.000140957
ZC3H13,3.87E-09,0.401743381,0.748,0.88,0.000141535
TMEM35B,3.89E-09,-2.322793896,0.101,0.24,0.000142259
RPP21,3.89E-09,-1.325856609,0.325,0.475,0.000142477
HAX1,3.93E-09,-0.525621223,0.336,0.49,0.000143728
TIMM8A,3.97E-09,-1.78996779,0.112,0.255,0.00014521
CHTF18,3.97E-09,-0.43083508,0.333,0.516,0.000145474
SLCO4A1,3.99E-09,-1.093028396,0.112,0.267,0.000145905
MTRNR2L4,3.99E-09,-0.279290355,0.224,0.394,0.000146083
TOR3A,4.04E-09,-0.232369656,0.314,0.528,0.000147698
MOGS,4.05E-09,0.287196103,0.493,0.671,0.000148277
NME6,4.08E-09,-0.756091069,0.216,0.379,0.00014919
DVL3,4.11E-09,-0.140921978,0.336,0.515,0.000150446
UBFD1,4.12E-09,-0.786192336,0.224,0.394,0.000150767
CHD1L,4.16E-09,0.14289621,0.599,0.847,0.000152158
RP1-39G22.7,4.19E-09,-2.021537302,0.059,0.187,0.000153327
PRELID3A,4.22E-09,-1.350199552,0.098,0.243,0.000154277
FLYWCH2,4.25E-09,-0.808866221,0.21,0.373,0.000155722
ZNF581,4.26E-09,-0.627250456,0.294,0.461,0.000155793
DHX57,4.26E-09,0.100451301,0.375,0.575,0.000155962
IQCN,4.30E-09,2.007022371,0.361,0.217,0.00015721
DNAJA1,4.30E-09,-0.105825877,0.866,0.952,0.000157501
YWHAH,4.34E-09,-0.215040357,0.546,0.718,0.000158761
SLC25A32,4.34E-09,-0.41764956,0.429,0.614,0.000158942
RAB4A,4.37E-09,-0.234617122,0.507,0.672,0.000159801
MAD2L2,4.40E-09,-0.915438137,0.28,0.447,0.000160938
NDRG2,4.40E-09,-1.329443262,0.095,0.237,0.000161037
HCG17,4.45E-09,-0.431873251,0.275,0.446,0.00016274
PPP1R16B,4.51E-09,-0.742976334,0.451,0.618,0.000165006
CELF1,4.53E-09,0.558697982,0.983,0.996,0.000165651
ARMC1,4.53E-09,-0.935833688,0.266,0.437,0.000165889
WHRN,4.53E-09,3.941033613,0.132,0.043,0.000165916
NTAN1,4.54E-09,-0.575762009,0.221,0.407,0.000166215
CDK5RAP2,4.56E-09,-0.107224002,0.588,0.796,0.000167059
RABGAP1,4.58E-09,-0.102206759,0.686,0.816,0.000167782
ADGRE2,4.59E-09,1.049821607,0.902,0.885,0.000168114
TSPAN17,4.60E-09,-0.613533051,0.182,0.335,0.000168303
ERLIN2,4.63E-09,-0.658365658,0.272,0.448,0.00016953
DHX32,4.65E-09,0.175699669,0.462,0.647,0.000170295
C2orf88,4.69E-09,-1.023589203,0.232,0.419,0.000171645
POLE4,4.72E-09,-0.721017944,0.249,0.419,0.000172697
LIME1,4.77E-09,-1.267190453,0.07,0.209,0.000174414
TMEM254,4.78E-09,0.241645352,0.132,0.293,0.000174887
CELF2,4.82E-09,-0.269376165,0.983,1,0.000176538
MMADHC,4.85E-09,-0.180960751,0.557,0.724,0.000177483
CKMT2-AS1,4.85E-09,-1.287563863,0.148,0.306,0.000177584
TAF1B,4.91E-09,-0.11279922,0.415,0.604,0.000179862
PPIL1,4.94E-09,-1.164532762,0.104,0.248,0.000180966
DNAJC14,5.05E-09,-0.229718853,0.19,0.358,0.000184772
ATXN7L3B,5.06E-09,-0.151583495,0.602,0.796,0.000185069
TPM3,5.07E-09,-0.196076075,0.975,0.993,0.000185436
FDXACB1,5.07E-09,-3.185764394,0.031,0.148,0.000185497
SNAI3,5.11E-09,-1.626186859,0.098,0.241,0.000186931
CREBZF,5.21E-09,-0.429743116,0.454,0.631,0.000190711
ZNF592,5.24E-09,-0.128685679,0.524,0.706,0.000191786
RBM4B,5.26E-09,-1.315500455,0.118,0.271,0.000192376
TMEM167B,5.26E-09,-0.356615869,0.51,0.668,0.000192628
OGFR,5.31E-09,-0.544029223,0.347,0.54,0.000194508
SEC23A,5.33E-09,-0.230969512,0.58,0.794,0.00019504
CTD-2349P21.11,5.36E-09,-0.422520752,0.123,0.284,0.00019625
GNLY,5.36E-09,0.564239407,0.084,0.016,0.000196283
MRPS36,5.38E-09,-0.366260708,0.535,0.685,0.000196729
NLE1,5.41E-09,-1.472736011,0.14,0.291,0.000197829
EARS2,5.44E-09,-0.595074992,0.19,0.361,0.000199263
JMJD1C,5.47E-09,0.532245405,0.989,0.998,0.000200029
DENND3,5.49E-09,1.00032864,0.941,0.918,0.000201071
ABLIM1,5.54E-09,-0.838170313,0.384,0.548,0.000202771
FAM114A2,5.59E-09,-0.437818301,0.106,0.251,0.00020472
BST2,5.60E-09,-0.271455483,0.569,0.766,0.000204804
ZNF41,5.63E-09,-1.1710926,0.148,0.307,0.000206086
CDK2,5.64E-09,-0.605831278,0.207,0.389,0.000206345
RIN3,5.65E-09,-0.172915488,0.91,0.984,0.000206917
RP11-542K23.7,5.66E-09,-1.74250675,0.176,0.329,0.000207275
RP11-228B15.4,5.69E-09,-0.452517933,0.098,0.244,0.0002084
ZNF213-AS1,5.83E-09,-0.262693908,0.272,0.439,0.000213202
PTGS1,5.86E-09,-1.355045431,0.19,0.348,0.00021431
UBXN2B,5.86E-09,-0.357111433,0.317,0.497,0.000214464
KB-1440D3.13,5.88E-09,-1.338594216,0.048,0.172,0.000215117
RPRD2,6.04E-09,-0.130057346,0.762,0.921,0.00022099
ZNF813,6.04E-09,-0.609806102,0.213,0.386,0.000221099
NUP50,6.05E-09,0.123909715,0.367,0.569,0.000221269
RAPH1,6.19E-09,-1.012705561,0.199,0.371,0.000226594
MAP3K14,6.19E-09,-0.151567043,0.412,0.582,0.000226678
AOAH,6.21E-09,1.549067015,0.644,0.513,0.000227431
NEURL1,6.22E-09,-3.006496017,0.092,0.227,0.000227562
LINC00539,6.24E-09,-0.996569864,0.073,0.21,0.000228504
STAB1,6.25E-09,1.780727688,0.465,0.316,0.0002286
CSTF2,6.26E-09,-1.395235408,0.118,0.262,0.000229133
SNTB1,6.30E-09,-0.230802365,0.745,0.878,0.000230406
EIF3F,6.35E-09,-0.191558052,0.888,0.94,0.000232354
AC074286.1,6.37E-09,-0.91095274,0.076,0.212,0.000233096
ZNF570,6.40E-09,-0.803593274,0.126,0.284,0.000234065
ZMYM4,6.40E-09,-0.196217248,0.776,0.921,0.000234212
CARNMT1,6.41E-09,0.137714887,0.535,0.742,0.000234589
SPATA21,6.51E-09,-1.380779691,0.154,0.303,0.000238294
ZNF256,6.52E-09,-0.997233584,0.168,0.323,0.000238806
SLC25A40,6.55E-09,-0.580386308,0.196,0.37,0.000239848
SHQ1,6.56E-09,-0.52978675,0.325,0.506,0.000240171
LINC02863,6.57E-09,-0.795417633,0.132,0.282,0.000240514
CTNS,6.65E-09,-1.409647015,0.064,0.199,0.000243314
LRRFIP1,6.70E-09,0.585058241,0.978,0.998,0.00024514
TAF3,6.71E-09,0.339667409,0.546,0.73,0.000245725
RP11-270M14.4,6.75E-09,-1.21363934,0.078,0.218,0.000247024
ZNF675,6.79E-09,-0.264780762,0.518,0.71,0.000248503
MSN,6.80E-09,-0.103865338,0.905,0.974,0.000248876
POLR3C,6.84E-09,-0.550480128,0.518,0.672,0.000250482
ZNF30,6.86E-09,-1.494673308,0.081,0.221,0.00025117
RP5-1014D13.2,6.86E-09,-0.126431145,0.605,0.798,0.000251247
RPL21,6.94E-09,-0.283473382,1,1,0.000254017
WDR54,6.97E-09,-0.790550817,0.238,0.396,0.000254979
HAUS7,7.03E-09,-0.251787771,0.241,0.417,0.000257184
TRIM41,7.07E-09,-0.618512113,0.297,0.486,0.000258677
CERCAM,7.26E-09,-0.279690535,0.196,0.372,0.000265697
ZPR1,7.31E-09,0.335561367,0.384,0.565,0.000267482
SLC27A2,7.47E-09,-0.248661667,0.261,0.432,0.000273283
CDKL4,7.54E-09,-1.862745286,0.056,0.181,0.000275811
CNIH1,7.59E-09,-0.121551262,0.58,0.743,0.000277928
STYX,7.61E-09,-0.676701641,0.261,0.447,0.000278463
ENTPD5,7.68E-09,-0.737736534,0.174,0.338,0.000280972
LIMK2,7.75E-09,-0.223561499,0.401,0.577,0.000283712
ZNF680,7.79E-09,-0.263009707,0.277,0.461,0.000284991
ADAM17,7.81E-09,0.738102979,0.944,0.957,0.000285952
SMIM4,7.83E-09,-0.18097429,0.361,0.563,0.000286491
ARL11,7.90E-09,-0.401507572,0.218,0.392,0.000288962
THOC6,7.95E-09,-0.2330141,0.289,0.463,0.000290928
COQ6,8.01E-09,-1.224848115,0.216,0.374,0.000293067
SAMHD1,8.04E-09,0.118493129,0.608,0.788,0.000294165
NOLC1,8.06E-09,0.119286047,0.569,0.745,0.000294833
ZNF135,8.06E-09,4.314264678,0.157,0.059,0.000294987
CALCOCO2,8.08E-09,-0.202048414,0.826,0.944,0.000295881
CCDC106,8.12E-09,-1.426052392,0.09,0.229,0.000297028
NHLRC2,8.20E-09,0.119819537,0.577,0.746,0.000300136
TMEM218,8.21E-09,-0.621381372,0.179,0.345,0.000300499
PDXP,8.24E-09,-0.118498227,0.137,0.295,0.000301694
ZNF213,8.28E-09,-1.269191649,0.09,0.231,0.000303116
FAS,8.31E-09,-1.239768759,0.14,0.294,0.000304309
RAD51D,8.32E-09,-0.622986024,0.375,0.551,0.000304492
PPP1R21,8.35E-09,0.133022844,0.448,0.647,0.000305605
KLF9,8.40E-09,-1.132273509,0.07,0.198,0.000307569
SLC2A1,8.45E-09,0.11121021,0.339,0.525,0.000309453
CIP2A,8.59E-09,-1.301812197,0.238,0.404,0.000314315
PIAS4,8.59E-09,-0.561176503,0.216,0.392,0.000314383
WDR55,8.59E-09,-0.157102957,0.263,0.427,0.000314416
LSS,8.60E-09,0.194205812,0.283,0.471,0.000314927
PNKP,8.79E-09,-0.182505128,0.429,0.615,0.000321612
TIPIN,8.79E-09,-0.605366519,0.199,0.364,0.000321869
TPP1,8.84E-09,-0.22494377,0.563,0.735,0.00032349
TOP3B,8.93E-09,-0.130032901,0.154,0.312,0.000326776
ILF3-DT,8.95E-09,-0.141173126,0.465,0.645,0.000327711
TAGLN2,8.97E-09,-0.207587291,0.936,0.991,0.000328223
EEF1AKMT4,8.99E-09,-0.848744618,0.042,0.164,0.0003291
CTNND2,9.02E-09,0.298790941,0.504,0.716,0.000330016
HEATR4,9.06E-09,-2.198429989,0.062,0.189,0.000331716
ZNF429,9.27E-09,-0.345012703,0.35,0.526,0.000339384
HGF,9.36E-09,1.818555106,0.28,0.139,0.000342576
B3GALT6,9.38E-09,-0.526742926,0.118,0.272,0.00034314
ID2,9.41E-09,-1.542757552,0.235,0.378,0.00034425
KLHL28,9.47E-09,0.126446261,0.518,0.729,0.000346713
DCAKD,9.52E-09,-0.130558764,0.322,0.523,0.000348445
SULT1A3,9.60E-09,-0.547731111,0.291,0.475,0.000351305
RHPN1,9.64E-09,1.659334261,0.709,0.608,0.000352878
PAPOLG,9.67E-09,0.251149899,0.325,0.52,0.00035388
PUDP,9.69E-09,-0.139337751,0.339,0.528,0.00035461
ZNF83,9.70E-09,-0.105383113,0.703,0.872,0.000354922
PPIE,9.77E-09,-0.262547981,0.471,0.608,0.000357662
CCDC24,9.78E-09,-0.946401597,0.076,0.211,0.000357975
ATOH8,9.84E-09,1.609191271,0.115,0.033,0.000360172
H4C11,9.90E-09,1.465419698,0.345,0.186,0.000362246
TMEM14C,9.90E-09,-0.303402616,0.409,0.562,0.000362306
ZNF492,9.95E-09,-0.741079157,0.132,0.278,0.000364304
RP11-91P24.7,9.96E-09,-0.186499887,0.345,0.532,0.000364566
RPL10,1.00E-08,-0.441885104,1,1,0.000366387
MAPKAP1,1.00E-08,0.17263328,0.599,0.793,0.000367698
DPCD,1.01E-08,-1.557350993,0.132,0.283,0.000369836
NAPA-AS1,1.01E-08,-1.254866766,0.067,0.196,0.00036997
CCDC28A,1.01E-08,-0.339190595,0.392,0.561,0.000370646
NUF2,1.01E-08,-2.127799315,0.151,0.302,0.000370755
CCNE1,1.02E-08,-0.824765501,0.174,0.33,0.00037268
TBC1D20,1.03E-08,-0.112841341,0.289,0.474,0.000375493
NKD1,1.03E-08,-1.674166114,0.092,0.227,0.00037585
CASP6,1.03E-08,-0.109667761,0.367,0.54,0.000378161
ELP3,1.04E-08,-0.42329479,0.308,0.47,0.000381249
MSH6,1.04E-08,-0.496446424,0.501,0.683,0.000382127
SRPK2,1.05E-08,0.76739915,0.938,0.952,0.000383962
MEAK7,1.05E-08,-1.739858552,0.104,0.246,0.000384485
RRAGA,1.06E-08,-1.151262005,0.23,0.384,0.000387077
ELOA-AS1,1.06E-08,-1.251235456,0.227,0.385,0.000387307
SETD1A,1.06E-08,-0.26589703,0.473,0.643,0.000388028
DLC1,1.07E-08,-0.255878815,0.529,0.714,0.000390345
EIF3C,1.07E-08,0.479636802,0.356,0.53,0.000391225
MBTD1,1.07E-08,-0.265313974,0.731,0.876,0.000391821
RAD1,1.08E-08,-0.17296884,0.297,0.458,0.000395506
RCL1,1.08E-08,0.10146799,0.538,0.74,0.000396228
MARCHF6,1.08E-08,0.495791459,0.989,0.997,0.000396637
MPP1,1.09E-08,-0.164859839,0.583,0.73,0.000398803
NEK3,1.09E-08,-0.405689815,0.235,0.407,0.000399435
ZNF667-AS1,1.09E-08,3.066839678,0.14,0.048,0.000399867
TGOLN2,1.11E-08,-0.254176863,0.882,0.957,0.00040493
ZNF71,1.11E-08,-1.091064334,0.084,0.223,0.000405529
TSNAX,1.11E-08,-0.23676827,0.375,0.566,0.000406054
RP11-282K24.3,1.11E-08,-0.9932666,0.031,0.144,0.000407074
FSD1,1.11E-08,1.152233108,0.255,0.131,0.00040748
STYXL1,1.13E-08,-0.287279136,0.431,0.626,0.000412485
SAP30L-AS1,1.14E-08,-1.132544809,0.073,0.205,0.000417716
ZNF525,1.15E-08,-0.207745514,0.21,0.377,0.000420072
RABIF,1.15E-08,-0.256407237,0.244,0.416,0.000421031
MTM1,1.18E-08,-0.20950425,0.426,0.62,0.000430807
ALG13,1.18E-08,-0.109038775,0.644,0.799,0.000431573
RP11-39E3.3,1.18E-08,-0.921773849,0.123,0.271,0.000433583
ENOX2,1.19E-08,-0.42173986,0.283,0.459,0.000437257
CTD-3088G3.6,1.21E-08,-2.543528858,0.011,0.109,0.000442387
SBF2-AS1,1.24E-08,-1.135955092,0.168,0.315,0.000453357
ORC4,1.24E-08,-0.296391042,0.636,0.796,0.000454758
NICN1,1.24E-08,-1.591666673,0.109,0.248,0.000455189
SRGAP2B,1.25E-08,-0.285170784,0.249,0.42,0.000457964
TMTC3,1.25E-08,-0.386435217,0.148,0.307,0.000458685
C5orf63,1.26E-08,-2.541894499,0.073,0.199,0.00046102
UXT,1.26E-08,-0.19878349,0.849,0.913,0.000461925
GABARAPL2,1.27E-08,-0.434793766,0.454,0.614,0.000463394
ZNF444,1.27E-08,-1.120671683,0.143,0.299,0.000463534
INTS13,1.27E-08,-0.81203939,0.308,0.472,0.000464798
USP37,1.29E-08,-0.432858672,0.398,0.581,0.000470341
LENG8,1.29E-08,0.852580133,0.874,0.895,0.00047163
CASP2,1.29E-08,-0.24709818,0.812,0.912,0.000472075
FAM210A,1.30E-08,-0.475260694,0.317,0.501,0.000474276
SARNP,1.31E-08,0.770934325,0.924,0.95,0.000478151
RITA1,1.31E-08,-0.34017949,0.092,0.231,0.000478733
BROX,1.31E-08,-0.349535621,0.454,0.653,0.000480944
LIMK1,1.32E-08,-0.19807187,0.263,0.442,0.000484864
ATG4C,1.33E-08,-0.590298336,0.235,0.395,0.000487052
PHC1,1.33E-08,0.146496357,0.429,0.615,0.000488575
EXOSC6,1.34E-08,-0.141300751,0.599,0.783,0.000490521
TRAF7,1.34E-08,0.914162415,0.487,0.721,0.000491309
NAGLU,1.35E-08,0.397449969,0.272,0.46,0.00049379
CAMKK1,1.36E-08,-0.399881876,0.196,0.367,0.00049685
SNHG11,1.36E-08,-1.139337651,0.199,0.349,0.000497322
CISD1,1.38E-08,-1.048496565,0.126,0.276,0.000505595
TXNDC16,1.39E-08,-0.391233826,0.322,0.505,0.000508024
CNR2,1.40E-08,-1.382574196,0.134,0.282,0.000510833
KTI12,1.40E-08,-0.588818271,0.269,0.449,0.000513419
ATP23,1.40E-08,-0.443190713,0.213,0.367,0.000513508
CTSG,1.42E-08,-1.015126676,0.126,0.28,0.000517921
SPATA2L,1.43E-08,2.358934914,0.339,0.195,0.000522914
NUDT13,1.43E-08,-0.594128956,0.059,0.184,0.000523198
USP28,1.43E-08,-1.525956239,0.098,0.235,0.000523885
CDK5RAP1,1.46E-08,0.125705213,0.518,0.681,0.000533082
STAMBP,1.47E-08,-0.327791367,0.359,0.524,0.000538388
DGUOK-AS1,1.47E-08,-1.740508682,0.101,0.235,0.000539154
MAGEF1,1.48E-08,-1.025547323,0.098,0.239,0.000540166
HDDC3,1.48E-08,-1.594329319,0.193,0.339,0.000541769
ADO,1.50E-08,-0.516504751,0.126,0.279,0.000547957
TUBGCP5,1.50E-08,-0.241201282,0.451,0.648,0.000548112
WDR73,1.51E-08,-0.363463095,0.507,0.656,0.000552505
MTX2,1.53E-08,-0.651781042,0.238,0.387,0.000558816
CLOCK,1.53E-08,-0.84666902,0.207,0.366,0.000561273
NQO1,1.53E-08,0.592354099,0.053,0.18,0.000561771
STAMBPL1,1.56E-08,-1.067811289,0.207,0.358,0.000569427
PSPH,1.57E-08,-0.39216369,0.179,0.344,0.000573309
ZNF354A,1.58E-08,-1.51049191,0.162,0.308,0.00057799
DOHH,1.58E-08,-1.58780486,0.078,0.209,0.000578749
CDR2-DT,1.59E-08,-0.35030747,0.07,0.201,0.000581047
TBL1X,1.59E-08,-0.181663105,0.714,0.854,0.000582574
SLX1A,1.60E-08,0.480241847,0.129,0.28,0.000584463
CLASP1-AS1,1.61E-08,2.311430137,0.319,0.182,0.000589015
PDLIM7,1.61E-08,-0.352125024,0.398,0.595,0.000589054
GABARAP,1.62E-08,-0.251309421,0.807,0.878,0.000591154
IFT74,1.62E-08,-0.233033046,0.507,0.689,0.000592174
LPAR6,1.63E-08,-3.283157426,0.028,0.135,0.000596265
AMPD2,1.63E-08,0.245201225,0.541,0.716,0.000596658
PGLS-DT,1.63E-08,-1.712600353,0.098,0.235,0.000596816
C17orf78,1.65E-08,-0.374627169,0.062,0.188,0.000603073
GFOD2,1.67E-08,0.142967999,0.291,0.46,0.000612697
NDUFAF1,1.67E-08,0.320580748,0.238,0.391,0.000612937
UBL7-AS1,1.68E-08,-1.314250205,0.165,0.319,0.000614074
FAM83D,1.70E-08,-0.607181308,0.048,0.167,0.000621088
CENPI,1.70E-08,-1.4178862,0.081,0.215,0.000621694
UBQLN2,1.70E-08,-0.416727706,0.375,0.539,0.000621812
YWHAQ,1.71E-08,-0.151977008,0.91,0.971,0.000625713
MLH1,1.71E-08,0.169939596,0.375,0.55,0.000625805
IFI27L1,1.71E-08,-0.92485771,0.19,0.336,0.000625831
PDPK1,1.73E-08,-0.191149987,0.487,0.684,0.000634025
FSD1L,1.74E-08,-0.279992943,0.364,0.536,0.000637933
SPATA20,1.75E-08,0.291263957,0.594,0.728,0.000641349
RPL18A,1.77E-08,-0.295783977,1,1,0.000647498
CCDC14,1.78E-08,-0.482923145,0.602,0.776,0.000651832
RP11-357H14.16,1.79E-08,-0.692124106,0.09,0.229,0.000653697
S1PR4,1.80E-08,-0.680053103,0.246,0.417,0.000659302
AC074117.10,1.81E-08,0.242934516,0.218,0.389,0.00066121
MTF1,1.81E-08,-0.557730103,0.263,0.431,0.000661461
RPL37A,1.83E-08,-0.226957826,1,1,0.000668312
SCRN2,1.85E-08,-0.895712152,0.272,0.436,0.00067664
FN3KRP,1.86E-08,-0.304695239,0.314,0.479,0.000682132
RTRAF,1.86E-08,-0.367309141,0.745,0.851,0.000682488
ABCA12,1.87E-08,2.655520488,0.165,0.066,0.000685776
CDK6,1.88E-08,-0.241349499,1,0.999,0.000688413
RBM3,1.88E-08,-0.237575532,0.888,0.975,0.000689759
TP53BP2,1.90E-08,1.441079632,0.849,0.84,0.000695424
MAPK9,1.90E-08,0.118464092,0.454,0.622,0.000695785
SLC25A42,1.91E-08,-0.686106295,0.297,0.46,0.00069828
NEK1,1.91E-08,-0.205048967,0.485,0.663,0.000700729
C22orf39,1.92E-08,-0.400196105,0.443,0.597,0.000704276
REPIN1,1.93E-08,-0.178830548,0.429,0.608,0.000705587
BCL2L12,1.94E-08,-0.41446929,0.221,0.375,0.000709312
TCF7,1.94E-08,-0.623636773,0.202,0.36,0.000710227
SELENON,1.96E-08,0.220173055,0.35,0.562,0.000716142
TYSND1,1.97E-08,-0.555209298,0.146,0.301,0.000720156
RP11-46J23.2,1.99E-08,-4.506670667,0.02,0.12,0.000726807
TUT1,1.99E-08,-1.377972318,0.176,0.319,0.000728295
RP13-580F15.2,1.99E-08,-1.002523868,0.067,0.194,0.000729719
SLFN11,2.00E-08,-0.844694775,0.227,0.386,0.000732407
NOM1,2.00E-08,-0.368735645,0.336,0.517,0.000733494
SMU1,2.01E-08,0.120219645,0.56,0.757,0.000734486
PFDN4,2.02E-08,-0.217430473,0.56,0.711,0.000737699
CLUAP1,2.03E-08,-0.280420939,0.196,0.353,0.000742146
NCBP3,2.04E-08,-0.149063341,0.499,0.697,0.00074501
PRKAB1,2.06E-08,-0.830857597,0.249,0.417,0.000753708
SNX19,2.07E-08,-0.260404988,0.518,0.684,0.00075718
FLT3LG,2.07E-08,0.339837205,0.115,0.259,0.000758151
SPINDOC,2.08E-08,-0.844615071,0.115,0.262,0.000760292
RP11-779O18.3,2.08E-08,1.643175081,0.445,0.306,0.000761105
RP11-1109F11.6,2.08E-08,-2.293710526,0.048,0.164,0.000761163
TBC1D13,2.09E-08,0.16964425,0.336,0.524,0.000763521
GPR89B,2.11E-08,-0.27477553,0.448,0.638,0.000773051
MRPS6,2.12E-08,-0.811449253,0.356,0.502,0.000774431
HCFC1R1,2.12E-08,-0.114355086,0.179,0.35,0.000774693
MOAP1,2.13E-08,-0.823753223,0.277,0.445,0.000777751
RP11-148O21.2,2.13E-08,-2.951612556,0.011,0.105,0.000778334
MED8,2.13E-08,-1.11730838,0.171,0.319,0.000778737
ISCA1,2.14E-08,-0.256811795,0.552,0.704,0.000785033
CDK5RAP3,2.19E-08,0.257189302,0.751,0.906,0.000801861
TCEAL1,2.19E-08,-0.505007467,0.182,0.348,0.000802067
MCRS1,2.20E-08,-0.115740905,0.415,0.583,0.000806074
SNHG31,2.21E-08,-0.125759876,0.787,0.889,0.000807804
MED9,2.21E-08,-0.113218345,0.291,0.476,0.000809699
RP11-553K8.5,2.21E-08,-0.692743974,0.112,0.258,0.000810634
ZNF263,2.25E-08,-0.292953152,0.291,0.471,0.000821683
UNG,2.25E-08,-1.24373974,0.207,0.357,0.000822045
SH3RF1,2.25E-08,0.233091744,0.633,0.825,0.000822552
RNF41,2.25E-08,0.181942835,0.375,0.575,0.000822871
C1orf112,2.26E-08,-2.560070323,0.092,0.221,0.000827185
TLK1,2.26E-08,-0.16593936,0.896,0.973,0.00082727
AC015849.19,2.26E-08,-1.250326409,0.056,0.179,0.000827955
HIGD1A,2.28E-08,-0.559842039,0.375,0.526,0.000834311
EIF4E2,2.29E-08,0.157065995,0.49,0.705,0.000836701
SETMAR,2.29E-08,-0.451056694,0.182,0.335,0.000837596
RUFY3,2.31E-08,-0.120067846,0.655,0.816,0.000846835
CRCP,2.32E-08,-0.104844468,0.776,0.925,0.000847292
FAM189B,2.37E-08,-1.316153716,0.123,0.26,0.000866202
FGFR1,2.37E-08,3.010664756,0.199,0.09,0.000867355
RP11-358F13.1,2.37E-08,-0.189611402,0.782,0.931,0.000867942
TTC38,2.38E-08,0.262262691,0.462,0.634,0.000869965
VAMP4,2.38E-08,-0.720071574,0.319,0.469,0.000870266
KCTD2,2.40E-08,-0.945412306,0.227,0.4,0.000880072
ZSCAN2,2.42E-08,-0.63210266,0.314,0.467,0.000886654
SIRT5,2.44E-08,-0.349236321,0.23,0.392,0.000894545
ZNF253,2.47E-08,-0.896607624,0.168,0.319,0.000904521
CDC45,2.47E-08,-0.930273437,0.165,0.313,0.000904983
HOXA11,2.48E-08,-2.952943597,0.003,0.088,0.000906121
SYPL1,2.49E-08,-0.209625003,0.7,0.802,0.00091283
MED12,2.50E-08,-0.313226037,0.378,0.559,0.000915218
RCAN1,2.50E-08,-2.523902547,0.039,0.149,0.000916561
POLQ,2.52E-08,-1.391160585,0.275,0.422,0.000922586
NDUFS4,2.53E-08,-0.17242648,0.804,0.918,0.000925994
ZNF212,2.53E-08,-0.109226223,0.356,0.551,0.000927129
TBL3,2.53E-08,-0.643824346,0.255,0.404,0.000927485
OTUB1,2.55E-08,-0.109970944,0.731,0.84,0.000934837
RPE,2.56E-08,-0.605685465,0.283,0.447,0.000937284
AC027119.1,2.56E-08,-3.990152455,0.031,0.136,0.000938368
YIPF2,2.57E-08,-0.183673834,0.269,0.443,0.000938896
NPRL2,2.59E-08,-0.435651632,0.336,0.485,0.000947908
TRMT6,2.60E-08,-0.233032688,0.182,0.342,0.000949793
SURF1,2.60E-08,-0.407548178,0.277,0.445,0.000951843
WDR27,2.61E-08,0.219106816,0.518,0.698,0.000954928
DISP1,2.62E-08,-0.584089955,0.255,0.419,0.000958804
DTD2,2.64E-08,-0.864440125,0.146,0.299,0.000966738
SNHG17,2.65E-08,-0.182338964,0.658,0.793,0.000968473
DYM,2.66E-08,-0.210584881,0.846,0.951,0.000972348
ZNF93,2.66E-08,-0.473246881,0.261,0.422,0.000973453
SLC25A1,2.66E-08,-0.234916181,0.283,0.45,0.000973917
GALNT6,2.67E-08,-0.615285883,0.21,0.382,0.000976741
RPF1,2.69E-08,-0.252411357,0.647,0.81,0.000984796
STK26,2.70E-08,0.241088334,0.748,0.879,0.000988121
RP11-133K1.12,2.71E-08,-1.261723785,0.02,0.122,0.000990225
CRTAP,2.72E-08,-0.304687649,0.555,0.707,0.000994389
SLC35E2B,2.74E-08,0.295475774,0.524,0.712,0.001001835
URB2,2.74E-08,-0.383832295,0.188,0.352,0.001003764
NINJ2,2.75E-08,-1.370416974,0.123,0.261,0.001005254
BTBD6,2.75E-08,-0.581397636,0.12,0.262,0.001007279
VAPA,2.79E-08,-0.189964694,0.908,0.973,0.001019463
LHFPL2,2.81E-08,-0.868130517,0.19,0.345,0.001030258
FAM219B,2.82E-08,-0.206927704,0.487,0.659,0.00103164
OAZ2,2.82E-08,0.272929741,0.448,0.645,0.001033164
P4HB,2.82E-08,1.269459565,0.913,0.911,0.001033828
VPS33B,2.84E-08,-0.685582069,0.314,0.472,0.001039351
RNF169,2.85E-08,-0.249566248,0.591,0.764,0.001043931
ACOX3,2.86E-08,-0.493641549,0.221,0.386,0.001044956
PTRH1,2.87E-08,-1.42466185,0.109,0.244,0.001049671
IFIT5,2.88E-08,-1.408406431,0.104,0.238,0.001053271
ZNF564,2.88E-08,-0.419750193,0.266,0.439,0.001053292
KIF9,2.88E-08,-0.119874437,0.443,0.628,0.001054004
LONRF1,2.88E-08,1.048925731,0.796,0.757,0.001055008
CMTR2,2.89E-08,-1.094719463,0.048,0.166,0.001059331
TBC1D5,2.95E-08,-0.188503288,0.972,0.997,0.001079887
GPR180,2.96E-08,-0.797813108,0.104,0.246,0.001085011
RP11-503L19.1,2.97E-08,2.157704213,0.042,0.002,0.001086596
BUB1,2.98E-08,-0.306663941,0.126,0.273,0.001089699
ELF1,3.00E-08,0.450057032,0.994,0.999,0.001096869
CNIH4,3.00E-08,-0.649924369,0.331,0.497,0.001098836
DPH7,3.01E-08,-0.865388942,0.28,0.439,0.001099913
OCEL1,3.01E-08,-0.746305835,0.104,0.246,0.001100075
TMC6,3.01E-08,0.557512128,0.655,0.811,0.001100891
BUD13,3.02E-08,-0.571695046,0.185,0.344,0.001105658
RP11-960L18.1,3.02E-08,-2.403049681,0.02,0.119,0.001106188
SPDYE2B,3.05E-08,-0.960800171,0.056,0.173,0.001114745
HLA-A,3.05E-08,-0.285536617,0.98,0.995,0.00111788
NRM,3.07E-08,-0.814195742,0.275,0.441,0.001124467
HRAS,3.10E-08,-1.208336054,0.129,0.273,0.001135981
SMIM15,3.15E-08,-0.427293639,0.132,0.274,0.001152295
RP11-448G4.4,3.15E-08,-1.848367423,0.02,0.119,0.001152511
SMARCC1,3.16E-08,0.429682068,0.992,0.998,0.001156054
GMDS-DT,3.16E-08,-0.20353989,0.762,0.888,0.001158225
S100A1,3.17E-08,-1.634911275,0.003,0.087,0.001160217
INIP,3.19E-08,-0.714755742,0.3,0.463,0.001168277
KRAS,3.21E-08,0.912540208,0.916,0.933,0.001174186
CD93,3.22E-08,-3.382420292,0.017,0.112,0.001179185
NT5C3A,3.23E-08,-0.145601575,0.751,0.93,0.001183931
COL4A5,3.24E-08,-0.245221029,0.403,0.598,0.00118458
CHMP1A,3.24E-08,0.663137977,0.636,0.798,0.001185541
AC092620.2,3.25E-08,-0.47864747,0.148,0.296,0.001190501
DPEP2,3.26E-08,-0.46509147,0.431,0.592,0.001194748
RLF,3.28E-08,0.698776842,0.95,0.982,0.001200351
CCNA1,3.30E-08,1.905312156,0.49,0.327,0.001206921
BCL2L13,3.31E-08,-0.794160665,0.406,0.562,0.0012124
PPRC1,3.33E-08,-0.554671601,0.434,0.6,0.001217168
SLC4A1AP,3.33E-08,0.274325927,0.317,0.502,0.001218795
ZNF558,3.34E-08,-0.34863714,0.165,0.316,0.001222677
POLR2K,3.39E-08,-1.414415576,0.314,0.445,0.001241863
GPR162,3.42E-08,1.484869422,0.146,0.053,0.001250999
MXD3,3.44E-08,-0.55341059,0.165,0.321,0.001258236
MAX,3.45E-08,-0.105753566,0.88,0.945,0.001262404
SLBP,3.47E-08,-0.120679526,0.636,0.762,0.00127001
BICD2,3.48E-08,-0.236093902,0.504,0.664,0.001273253
EGFL7,3.49E-08,-0.232518893,0.667,0.814,0.001278235
IL4R,3.50E-08,0.220179776,0.336,0.513,0.001281139
GRAP,3.51E-08,-0.321167254,0.238,0.404,0.001284141
POU2F1,3.54E-08,-0.186600393,0.863,0.968,0.001297293
CTNNB1,3.59E-08,0.712858593,0.966,0.984,0.001315145
MSTO1,3.60E-08,-0.956936479,0.275,0.432,0.001316462
KCTD10,3.63E-08,-0.273827271,0.342,0.494,0.001329419
SLC25A26,3.64E-08,-0.166134894,0.754,0.924,0.001331147
RNASEH2A,3.64E-08,-0.955905316,0.078,0.207,0.001333157
FCER1A,3.64E-08,2.223325315,0.118,0.036,0.001333158
TAZ,3.66E-08,0.261029503,0.521,0.716,0.001339178
STIMATE,3.66E-08,-0.34155527,0.207,0.372,0.001339809
ST3GAL4,3.67E-08,0.234354185,0.569,0.734,0.001341588
IKBKG,3.69E-08,-0.640213834,0.303,0.469,0.001349423
DEAF1,3.69E-08,-0.276238247,0.541,0.692,0.001349594
RP11-84C10.2,3.71E-08,-1.445166839,0.05,0.169,0.001358553
RFX7,3.72E-08,-0.177137655,0.863,0.948,0.001361334
SIVA1,3.74E-08,-0.443390055,0.616,0.749,0.00137009
RANBP3-DT,3.75E-08,-1.834436806,0.09,0.221,0.001372429
NAA50,3.79E-08,-0.123195982,0.739,0.892,0.001385693
GDI2,3.81E-08,-0.134833355,0.717,0.855,0.001393705
TRIOBP,3.84E-08,-0.119895494,0.588,0.746,0.00140554
CDC7,3.90E-08,-0.747698476,0.151,0.303,0.001426617
XRCC2,3.96E-08,-0.80435567,0.137,0.284,0.001448505
KLF7-IT1,3.98E-08,1.852652925,0.081,0.018,0.001455921
BBS5,4.07E-08,-1.026652706,0.126,0.266,0.0014885
LSG1,4.07E-08,0.102669822,0.532,0.701,0.00148882
LINC01150,4.07E-08,-0.609610085,0.042,0.156,0.001488951
SRBD1,4.07E-08,0.154674451,0.608,0.767,0.001491374
TST,4.10E-08,-0.973834868,0.168,0.319,0.001501366
NFKBIE,4.10E-08,1.527216523,0.524,0.373,0.001501485
TMEM101,4.11E-08,-1.025963195,0.154,0.299,0.001505721
NUP35,4.12E-08,-1.140732967,0.154,0.304,0.001506091
RELL2,4.12E-08,-0.67089379,0.048,0.161,0.001506244
MYC,4.12E-08,-1.178904904,0.213,0.366,0.001507065
MED12L,4.15E-08,-0.936710656,0.35,0.494,0.001518898
ST6GAL1,4.20E-08,-0.608471327,0.426,0.584,0.00153619
LINC02615,4.21E-08,-0.209877167,0.294,0.462,0.001539941
HMGN1,4.21E-08,-0.116002196,0.896,0.958,0.001540747
RRM1,4.24E-08,-0.177033894,0.454,0.629,0.001550723
HDAC10,4.24E-08,-0.469272944,0.479,0.694,0.001550786
SETD4,4.25E-08,-0.3130231,0.266,0.428,0.001555676
HNRNPL,4.26E-08,-0.186130016,0.922,0.987,0.001559907
UBA5,4.30E-08,0.321909878,0.415,0.596,0.00157269
MRPL50,4.32E-08,-1.312974772,0.157,0.294,0.001580094
RP11-7O11.9,4.33E-08,-2.086673743,0.028,0.132,0.001586374
DAAM1,4.34E-08,-0.362480046,0.269,0.434,0.001587682
LAMP2,4.36E-08,-0.148096111,0.745,0.888,0.001596145
F8A1,4.37E-08,-0.199078358,0.076,0.211,0.001600599
SAR1B,4.38E-08,-0.290737611,0.361,0.526,0.001601977
HCFC2,4.39E-08,-0.52221954,0.221,0.38,0.001605912
CROCC,4.40E-08,0.888006637,0.711,0.58,0.001608916
PLCB2,4.42E-08,0.37311254,0.779,0.929,0.001616485
MKI67,4.42E-08,-1.323049181,0.112,0.243,0.001616878
RRS1,4.45E-08,-0.634335534,0.129,0.271,0.001630315
LINC01322,4.46E-08,1.667682233,0.199,0.349,0.001630648
C17orf67,4.46E-08,-0.952762698,0.216,0.368,0.001632095
DYRK3,4.47E-08,-0.818546176,0.067,0.192,0.001636397
MAGED1,4.49E-08,-0.224601709,0.364,0.51,0.001641641
FBF1,4.51E-08,-0.9225115,0.168,0.324,0.001651553
DYNC1LI2,4.56E-08,-0.286869274,0.63,0.811,0.00166833
MSRB1,4.57E-08,-1.255896082,0.104,0.234,0.001673501
CCDC169,4.60E-08,-0.749353646,0.132,0.284,0.001684904
MRPS2,4.64E-08,-0.169266064,0.336,0.501,0.001699714
CRIPT,4.66E-08,-0.15422257,0.403,0.578,0.001706557
SLC38A6,4.70E-08,-0.367299259,0.235,0.393,0.00172111
MCM3AP-AS1,4.72E-08,-1.058739399,0.104,0.239,0.001728191
TYW3,4.74E-08,-0.311963703,0.546,0.697,0.001733344
PHF6,4.75E-08,-0.551683209,0.356,0.516,0.001738632
CHST10,4.76E-08,-0.872534014,0.148,0.294,0.001742424
SKIDA1,4.84E-08,-1.077035221,0.14,0.28,0.001770964
TMEM127,4.86E-08,0.1487798,0.389,0.582,0.001777624
ZNF407-AS1,4.87E-08,0.100517613,0.174,0.337,0.001781667
DIS3L2,4.88E-08,0.100181118,0.692,0.884,0.001787011
PNMA1,4.90E-08,-1.291346901,0.134,0.276,0.001792756
ABCB7,4.91E-08,-0.167174941,0.667,0.827,0.001797325
SPC25,4.94E-08,-1.994787027,0.09,0.216,0.00180638
CNOT10,4.98E-08,0.131341929,0.647,0.832,0.001822361
SLC39A6,5.00E-08,-0.395056262,0.434,0.598,0.001831451
VPS13B-DT,5.08E-08,-1.863873013,0.087,0.215,0.001858887
UMPS,5.08E-08,-0.393269217,0.331,0.486,0.001860814
SGO1,5.09E-08,-2.691683284,0.05,0.165,0.001864292
SRPRB,5.10E-08,-0.632927467,0.423,0.561,0.001865876
WDR35,5.10E-08,-0.209798237,0.563,0.703,0.001866191
OGDH,5.14E-08,-0.304462456,0.457,0.636,0.001882109
MEX3B,5.16E-08,-0.955056457,0.258,0.409,0.001887481
ZSCAN5A,5.16E-08,-0.443980132,0.328,0.477,0.001888498
BCL2A1,5.18E-08,-1.090064525,0.134,0.274,0.001896851
ZNF462,5.22E-08,-3.334364041,0.02,0.115,0.001912193
WBP1L,5.24E-08,0.429121454,0.339,0.517,0.001917489
RNGTT,5.27E-08,-0.16120162,0.826,0.952,0.001929163
DNAJC13,5.27E-08,-0.37993935,0.389,0.553,0.001930173
OLA1,5.31E-08,-0.225717409,0.86,0.95,0.001942877
FAM53C,5.31E-08,-0.4272782,0.602,0.732,0.001944119
UICLM,5.31E-08,-3.639979119,0.014,0.105,0.001944121
DAD1,5.32E-08,-0.450567791,0.782,0.861,0.001947426
TRAPPC5,5.34E-08,0.166247752,0.658,0.809,0.001952885
GGT1,5.36E-08,0.154520403,0.342,0.517,0.001963105
HIVEP1,5.37E-08,-0.109026018,0.703,0.867,0.001963991
DMAC2L,5.37E-08,-0.178633574,0.462,0.631,0.001965188
TAP1,5.37E-08,-0.365682324,0.269,0.428,0.001965547
TTI1,5.38E-08,-1.176355915,0.185,0.336,0.00196991
REXO2,5.40E-08,-0.284200497,0.305,0.457,0.001976812
CCDC32,5.42E-08,0.154254469,0.398,0.594,0.001984088
MUS81,5.43E-08,-0.931544175,0.311,0.473,0.001988938
PLD3,5.48E-08,-0.124821878,0.28,0.44,0.002006049
MLLT3,5.57E-08,-0.454226129,0.19,0.083,0.002037413
SPDYE10P,5.57E-08,-1.271774469,0.073,0.2,0.00204023
CRKL,5.61E-08,-0.665065403,0.465,0.632,0.002052953
CXCL2,5.62E-08,0.591667248,0.319,0.176,0.00205618
HOXB2,5.72E-08,-0.897201493,0.272,0.44,0.002094726
SRXN1,5.74E-08,-0.948970808,0.129,0.268,0.002101633
C5orf22,5.77E-08,-1.251288496,0.179,0.325,0.002111121
CSTF2T,5.77E-08,-0.334369925,0.207,0.379,0.002111997
E2F2,5.79E-08,-1.236627104,0.028,0.131,0.002118387
DRAM2,5.84E-08,-0.410094617,0.493,0.649,0.002136408
PAFAH1B1,5.88E-08,0.679270012,0.964,0.995,0.002152851
GP6,5.91E-08,-1.388429475,0.148,0.296,0.002163609
CERNA1,5.96E-08,0.724339991,0.028,0.131,0.002180946
GBP3,5.99E-08,-0.669897428,0.199,0.352,0.002191717
ATP11B,5.99E-08,0.689084132,0.947,0.978,0.002192401
GAB3,6.02E-08,-0.335957373,0.588,0.759,0.002204765
FLII,6.02E-08,0.146193027,0.7,0.842,0.002204971
RP11-506H20.1,6.08E-08,-1.915992958,0.07,0.191,0.002224662
RFK,6.11E-08,-0.39026267,0.232,0.389,0.002237031
MTRNR2L6,6.19E-08,-0.114295147,0.185,0.337,0.002265427
MTMR8,6.28E-08,0.178095006,0.294,0.454,0.002297188
LHFPL6,6.30E-08,3.905150001,0.204,0.102,0.002306208
GMPPA,6.31E-08,-0.733157729,0.213,0.363,0.002311214
TUBG2,6.38E-08,-0.907816979,0.081,0.21,0.002335377
ACAD11,6.41E-08,-0.157015066,0.49,0.658,0.002345034
BAZ1B,6.42E-08,-0.169633911,0.739,0.899,0.002348474
UGGT2,6.49E-08,0.110803883,0.487,0.679,0.002375264
CNNM1,6.52E-08,-0.647415511,0.076,0.199,0.002384671
RP11-319G9.3,6.54E-08,-2.230719952,0.053,0.167,0.002393529
CHERP,6.59E-08,0.169589645,0.415,0.594,0.002410517
FBXO21,6.61E-08,-0.536078241,0.322,0.491,0.002418831
CHAF1A,6.64E-08,-0.360639928,0.479,0.642,0.002430205
GLRX3,6.69E-08,0.324493522,0.454,0.644,0.00244971
RP11-511B23.2,6.80E-08,-0.325289618,0.389,0.56,0.002490011
IDH3A,6.80E-08,0.538580372,0.347,0.513,0.002490258
ERVK3-1,6.84E-08,0.224880672,0.574,0.718,0.002504908
XRCC3,6.85E-08,-0.198976932,0.134,0.281,0.002506306
ANKAR,6.94E-08,-0.124126422,0.356,0.529,0.002540292
TAF1C,6.96E-08,-0.134338809,0.364,0.536,0.002545739
COPB2,7.02E-08,-0.13688623,0.44,0.597,0.002570102
LRRC37A,7.03E-08,0.418635766,0.308,0.491,0.002571867
RP11-360F5.1,7.09E-08,-0.345032049,0.171,0.326,0.002593939
UBXN6,7.14E-08,0.200829531,0.473,0.644,0.002613459
NOC3L,7.15E-08,-0.840409125,0.202,0.344,0.002617407
WASHC2C,7.23E-08,0.511507405,0.552,0.745,0.002645046
PLAU,7.23E-08,-0.440271588,0.317,0.474,0.002647163
RP11-489E7.4,7.30E-08,1.382653926,0.468,0.313,0.002671618
LHPP,7.31E-08,-0.138616288,0.283,0.45,0.002674106
GPATCH11,7.43E-08,-0.193662766,0.277,0.443,0.002718762
LINC00624,7.51E-08,-1.592744437,0.14,0.273,0.00275008
RP11-847H18.2,7.52E-08,-1.86685477,0.02,0.115,0.002751066
SEMA7A,7.55E-08,-0.577711732,0.062,0.182,0.002763193
INSIG2,7.62E-08,-1.845065349,0.115,0.247,0.002787295
TMEM71,7.62E-08,0.129272141,0.305,0.469,0.002787781
PAQR8,7.70E-08,-1.313044238,0.034,0.138,0.002819573
NDUFA5,7.71E-08,-0.243752629,0.599,0.738,0.002820318
PLK3,7.79E-08,1.593551458,0.56,0.423,0.002852933
NADK,7.83E-08,0.715396291,0.417,0.611,0.002865722
NPHP4,7.86E-08,-0.443584726,0.213,0.37,0.002876763
CTD-3239E11.2,7.89E-08,-1.031441778,0.028,0.128,0.002886331
GPR141,7.91E-08,-1.415652225,0.062,0.18,0.002893952
COPA,7.92E-08,-0.208482552,0.812,0.925,0.002896899
SGPL1,7.92E-08,-0.263263538,0.359,0.541,0.002896946
ZNF670,7.95E-08,-0.912359805,0.157,0.308,0.00290983
DLGAP1-AS1,7.96E-08,-1.455974919,0.048,0.16,0.00291184
CT45A3,7.98E-08,-0.951297176,0.118,0.256,0.002922081
RGS18,7.99E-08,0.154123701,0.359,0.526,0.002922605
KCTD17,8.09E-08,-0.576218208,0.017,0.111,0.002960014
RP11-479J7.1,8.13E-08,-0.18439092,0.048,0.16,0.002973999
SLC9C1,8.18E-08,-2.805397177,0.112,0.235,0.002992504
ZNF235,8.19E-08,0.18597856,0.272,0.449,0.002996249
RP11-326F6.1,8.19E-08,-1.631010585,0.028,0.13,0.00299935
ALG6,8.36E-08,-0.825526341,0.207,0.357,0.003060266
CTB-92J24.3,8.48E-08,-0.244683293,0.056,0.17,0.003103386
RP11-760H22.2,8.52E-08,-0.597414107,0.157,0.299,0.003119186
NDUFAF6,8.58E-08,-0.22184339,0.852,0.944,0.003141464
JOSD2,8.61E-08,-0.164793012,0.092,0.224,0.003150045
WDR5B,8.65E-08,-1.039803379,0.05,0.167,0.003167062
WAKMAR2,8.75E-08,-0.708162109,0.098,0.224,0.003202516
HSD17B8,8.77E-08,-0.632302479,0.14,0.277,0.003208563
GPR146,8.78E-08,-1.073668289,0.064,0.182,0.003214319
CACNA1C-AS1,8.83E-08,-0.216318367,0.059,0.178,0.003231534
CTD-2293H3.1,8.83E-08,0.681680406,0.053,0.17,0.003232438
STK32C,8.86E-08,-0.628800948,0.19,0.345,0.003244239
SLC22A18,8.98E-08,-0.573829714,0.098,0.231,0.003285285
LINC01572,9.00E-08,-0.417293548,0.639,0.817,0.003294942
SIPA1L3,9.02E-08,0.107286648,0.798,0.935,0.003301935
ATP6AP1,9.04E-08,0.32723989,0.65,0.801,0.00331047
KCNMB3,9.08E-08,-0.119592241,0.182,0.341,0.003322028
S100A11,9.13E-08,0.315501649,0.221,0.383,0.003343078
NCF4-AS1,9.15E-08,-1.971434103,0.006,0.088,0.003347728
HDLBP,9.17E-08,0.110223535,0.717,0.874,0.003356003
BAD,9.20E-08,-0.27875349,0.359,0.502,0.003365906
OTULIN,9.24E-08,-0.343843021,0.235,0.402,0.003380884
RSPH3,9.24E-08,-0.640263377,0.14,0.284,0.003381944
H3C4,9.26E-08,1.854790405,0.283,0.156,0.003388986
LRRC28,9.37E-08,-0.322001373,0.445,0.593,0.00342955
DNM1L,9.43E-08,-0.102828494,0.854,0.964,0.003453076
ORC3,9.49E-08,-0.674391451,0.286,0.456,0.003471727
STX6,9.51E-08,-1.130691636,0.132,0.27,0.003481171
FER,9.52E-08,-0.125583911,0.697,0.876,0.00348494
SRSF10,9.54E-08,-0.246872505,0.919,0.981,0.003490497
FAM149B1,9.59E-08,-0.127314133,0.238,0.4,0.00351143
MRPS18A,9.60E-08,-0.599848375,0.258,0.401,0.003514176
CIDEB,9.64E-08,-1.188313565,0.218,0.36,0.003528954
RP11-841O20.2,9.66E-08,-1.042163113,0.039,0.148,0.003534365
NUDT9,9.68E-08,-1.523049831,0.14,0.276,0.003542968
RP11-296I10.3,9.68E-08,-0.530944881,0.112,0.25,0.003543548
SLC25A19,9.68E-08,-0.458272357,0.154,0.291,0.003544144
UBE2M,9.72E-08,0.120306892,0.454,0.641,0.003557538
TSR3,9.79E-08,-0.564512485,0.373,0.548,0.003581318
PRIM2,9.92E-08,-0.173589382,0.658,0.806,0.003629984
TRIM21,9.99E-08,-1.636547399,0.118,0.248,0.003657195
CTD-2260A17.2,1.01E-07,-0.820924691,0.179,0.324,0.003695701
LINC00630,1.01E-07,-0.509368154,0.238,0.404,0.003704262
POLR3G,1.02E-07,-0.456290551,0.126,0.263,0.003749019
SNX11,1.03E-07,-0.468434998,0.137,0.281,0.003760572
PEDS1,1.04E-07,0.499980187,0.507,0.677,0.003796131
FAHD1,1.04E-07,-0.692954873,0.207,0.352,0.003807415
DNAJC18,1.05E-07,-0.387036392,0.176,0.322,0.003833729
DST,1.07E-07,1.552756893,0.768,0.692,0.003902214
FANCA,1.07E-07,0.164375775,0.409,0.581,0.003934326
TCEANC2,1.08E-07,-0.698489097,0.241,0.391,0.003940982
DNAJC24,1.08E-07,-1.142515754,0.182,0.327,0.003942134
BEX2,1.08E-07,1.951184517,0.132,0.047,0.003969882
A2M,1.09E-07,-1.610845217,0.07,0.187,0.003981923
CDC37,1.09E-07,0.43745354,0.765,0.928,0.003989386
SQLE,1.10E-07,-0.345436189,0.331,0.494,0.004028883
SUMO1,1.10E-07,0.115135054,0.751,0.901,0.004038083
RP1-91J24.3,1.11E-07,-3.170548003,0.062,0.172,0.004056605
THAP9-AS1,1.11E-07,-0.731448957,0.44,0.587,0.004060908
EPB41L4A-AS1,1.12E-07,-0.320149795,0.709,0.814,0.004088024
C16orf86,1.12E-07,0.182663007,0.09,0.215,0.00408951
CTD-3020H12.4,1.12E-07,-2.6119869,0.039,0.143,0.004103573
PLA2G6,1.12E-07,0.284126531,0.314,0.496,0.004105932
RAB3D,1.12E-07,-0.21462749,0.471,0.662,0.004116333
ARHGAP45,1.13E-07,0.618006719,0.672,0.865,0.004143973
PDZD11,1.13E-07,-0.520776458,0.064,0.181,0.004145189
RAD52,1.14E-07,0.116127228,0.37,0.562,0.004157505
TRMT2B,1.14E-07,0.22358287,0.266,0.437,0.004171658
TMEM134,1.14E-07,-0.654938571,0.261,0.407,0.004176119
BNIP1,1.14E-07,-0.18728614,0.51,0.667,0.004187941
RECQL,1.15E-07,-0.339648993,0.249,0.411,0.004225428
PYCR1,1.16E-07,-1.409137459,0.098,0.224,0.004227816
DHRS4-AS1,1.17E-07,-0.284253629,0.218,0.366,0.004283111
YES1,1.17E-07,0.980714458,0.88,0.925,0.004296583
U2AF1,1.17E-07,0.236628013,0.395,0.564,0.004299764
RP11-82O19.1,1.18E-07,-1.373300281,0.106,0.236,0.00431702
TBPL1,1.19E-07,-1.270356188,0.118,0.252,0.004343426
EHHADH,1.20E-07,-0.322427826,0.146,0.286,0.00437413
P2RY1,1.20E-07,-1.048669491,0.176,0.316,0.004391732
SCML2,1.20E-07,0.250065435,0.504,0.701,0.004404135
RP11-670E13.6,1.22E-07,-0.930268772,0.137,0.281,0.004472424
SPATA5L1,1.23E-07,-0.859911246,0.134,0.269,0.004513998
MIATNB,1.23E-07,-0.113224887,0.294,0.457,0.004517861
OGN,1.26E-07,-1.918446103,0.034,0.134,0.004596131
CNOT3,1.26E-07,-0.310733046,0.179,0.339,0.004608611
MAP3K13,1.26E-07,-0.344358279,0.417,0.564,0.004620845
RAD51C,1.27E-07,-0.667599104,0.252,0.387,0.00465523
SRRM2,1.28E-07,0.590038965,0.997,0.997,0.004694092
DOT1L,1.28E-07,0.95884509,0.874,0.877,0.00469887
CPNE2,1.29E-07,0.344560798,0.3,0.471,0.004704572
H2AX,1.29E-07,-0.277935606,0.216,0.37,0.004738299
CDADC1,1.30E-07,-0.340010167,0.521,0.695,0.004748527
RP1-68O2.5,1.30E-07,-0.489168253,0.132,0.274,0.004756546
STARD3,1.30E-07,-0.174567697,0.445,0.622,0.004760414
CACNB2,1.31E-07,-1.649692293,0.224,0.359,0.004780572
ZNF426,1.31E-07,0.450923395,0.387,0.565,0.004788305
AGMAT,1.31E-07,-1.510939454,0.076,0.198,0.004791015
NGRN,1.31E-07,-0.549118509,0.325,0.48,0.004800906
SLC17A9,1.31E-07,0.208061049,0.664,0.824,0.004811032
DYNLT2B,1.34E-07,-0.245458781,0.207,0.359,0.00489859
FASTKD5,1.34E-07,0.403094465,0.412,0.568,0.004915869
CTC-542B22.2,1.36E-07,-1.880291081,0.062,0.173,0.004962927
PRRG4,1.38E-07,-0.406455395,0.275,0.439,0.005052186
LRPPRC,1.39E-07,-0.264657576,0.849,0.937,0.005071302
ARMC8,1.39E-07,-0.19058508,0.829,0.939,0.005072371
RPUSD1,1.39E-07,-0.532799396,0.238,0.378,0.0050914
ANKRD54,1.40E-07,0.245727274,0.322,0.502,0.00510672
MED25,1.40E-07,-0.358578191,0.465,0.632,0.005130046
SKA3,1.40E-07,-1.390155776,0.098,0.224,0.00513179
ARSK,1.42E-07,-0.552750395,0.118,0.25,0.00518088
RP11-927P21.1,1.42E-07,-0.286803917,0.193,0.351,0.005193676
HBD,1.42E-07,0.8579881,0.504,0.378,0.005194784
ZNF782,1.43E-07,-0.110402514,0.375,0.565,0.005224033
CCDC85B,1.43E-07,-0.427072055,0.325,0.499,0.005243071
SCARB2,1.43E-07,0.263255153,0.546,0.775,0.005243752
RP11-584P21.2,1.44E-07,-0.700912997,0.174,0.318,0.005264487
SLC39A4,1.44E-07,-0.858542177,0.328,0.47,0.00526599
RP11-549D23.1,1.46E-07,-0.92444148,0.129,0.267,0.005332554
LINC01137,1.46E-07,-0.412843696,0.275,0.428,0.00534721
AC113189.5,1.46E-07,-1.29915826,0.028,0.125,0.005356462
CRLF2,1.47E-07,0.531150637,0.12,0.042,0.005366255
EXOSC3,1.47E-07,-0.256515864,0.431,0.586,0.005380095
WDR81,1.48E-07,0.54802886,0.443,0.643,0.005429557
ATXN3,1.48E-07,-0.113303993,0.818,0.924,0.005434971
SNHG7,1.50E-07,-0.352523024,0.605,0.734,0.005507623
SELENBP1,1.51E-07,2.790268546,0.042,0.003,0.005509434
SAP30L,1.51E-07,0.480299139,0.204,0.351,0.005529581
SCG5,1.51E-07,-0.757164402,0.081,0.202,0.00553476
F12,1.51E-07,-1.17791578,0.064,0.183,0.005535162
RP11-321C24.1,1.51E-07,-1.748218737,0.104,0.231,0.005539428
TXLNA,1.53E-07,-0.397466382,0.378,0.557,0.005583798
SLC25A6,1.53E-07,-0.333178744,0.95,0.971,0.005593477
CTD-2619J13.14,1.54E-07,0.289661438,0.137,0.276,0.005623031
UFD1,1.54E-07,0.270052416,0.527,0.703,0.005631502
KCTD5,1.54E-07,-1.092737256,0.174,0.315,0.00564157
RP13-1032I1.7,1.54E-07,-1.385098788,0.14,0.273,0.005647366
RNF214,1.56E-07,-0.162071236,0.35,0.517,0.005697116
PLOD1,1.57E-07,0.336458231,0.23,0.412,0.005732039
TSHZ1,1.57E-07,-0.407205026,0.395,0.554,0.005737643
CDK2AP2,1.58E-07,-1.426091615,0.303,0.418,0.005771147
C1orf159,1.59E-07,0.135900697,0.294,0.454,0.005815384
COPS7A,1.60E-07,-0.160690307,0.258,0.408,0.005858874
AMMECR1,1.61E-07,-0.820850586,0.218,0.361,0.005892864
HDGFL2,1.61E-07,0.104932889,0.202,0.353,0.005894328
ZBTB24,1.63E-07,-0.812488265,0.199,0.35,0.005966302
CTD-2203K17.1,1.63E-07,-1.335824731,0.081,0.201,0.005978437
DEPDC1B,1.64E-07,-0.583457442,0.182,0.329,0.00601276
TNFRSF1B,1.65E-07,-0.143169494,0.148,0.295,0.006034754
TNFAIP3,1.65E-07,1.062162431,0.782,0.704,0.006054562
KBTBD11,1.66E-07,2.20893767,0.224,0.112,0.006058877
GRWD1,1.66E-07,-0.206488994,0.221,0.369,0.006083613
ZNF134,1.66E-07,0.253170221,0.353,0.532,0.006084397
ATP6V1G1,1.66E-07,-0.307137966,0.798,0.875,0.00608522
RRP7A,1.67E-07,0.135355754,0.543,0.722,0.006097818
PRPF39,1.67E-07,0.318689608,0.532,0.701,0.006113271
CDK10,1.67E-07,0.687952867,0.622,0.766,0.006119849
RPUSD2,1.68E-07,0.141640909,0.143,0.291,0.006151973
MTERF1,1.69E-07,-0.888261889,0.249,0.389,0.006171818
MBD2,1.69E-07,0.20016345,0.667,0.843,0.006177841
BAIAP2-DT,1.71E-07,-0.679189696,0.132,0.273,0.006269374
KBTBD4,1.72E-07,-0.833595598,0.148,0.285,0.006302139
RAB11FIP1,1.73E-07,0.983824866,0.919,0.952,0.006322964
MRPL47,1.73E-07,-0.299482664,0.529,0.642,0.006334347
COPG2,1.74E-07,0.249977194,0.387,0.558,0.006364628
MAST2,1.74E-07,-0.136174347,0.555,0.724,0.00637583
EIF4E,1.75E-07,-0.193313911,0.843,0.941,0.006389873
IFT81,1.75E-07,-0.141592944,0.238,0.404,0.006399617
TESK2,1.75E-07,0.278399186,0.252,0.409,0.006420243
MRC2,1.77E-07,1.418244478,0.566,0.448,0.006471046
RASGEF1B,1.79E-07,1.784894149,0.532,0.401,0.006544861
SEPTIN7,1.80E-07,-0.147739905,0.902,0.977,0.00658515
ZNF273,1.81E-07,-0.209432747,0.375,0.553,0.006611071
RANBP3,1.81E-07,-0.202454208,0.398,0.555,0.006635386
NARS2,1.83E-07,0.10168577,0.415,0.593,0.006680871
RP11-894P9.1,1.84E-07,-1.076764388,0.081,0.201,0.006725245
THAP6,1.86E-07,0.40201082,0.244,0.408,0.006822772
MPZL3,1.87E-07,-0.980524495,0.171,0.307,0.006832639
RDH14,1.87E-07,-0.758001532,0.143,0.283,0.006861401
RP4-647J21.1,1.88E-07,-0.437286792,0.263,0.426,0.00687445
NTAQ1,1.88E-07,0.582697869,0.199,0.347,0.006885297
PIGN,1.88E-07,-0.306350833,0.571,0.729,0.006887833
RP11-573D15.8,1.89E-07,-2.519419939,0.126,0.25,0.006906554
YARS1,1.89E-07,0.119973132,0.77,0.908,0.006917452
HMGCL,1.90E-07,-0.580373864,0.171,0.321,0.006948885
HOTAIRM1,1.90E-07,-0.620208007,0.244,0.398,0.006969836
POLD1,1.90E-07,-0.636683677,0.238,0.401,0.006969836
TACO1,1.92E-07,-0.419332607,0.16,0.292,0.007042582
KCNJ14,1.93E-07,0.675965506,0.389,0.574,0.007050263
LY6E,1.93E-07,-0.207091512,0.591,0.812,0.007077217
LINC01346,1.98E-07,1.401687858,0.101,0.03,0.007264341
KBTBD6,1.99E-07,0.373140159,0.109,0.244,0.007281877
STX3,1.99E-07,1.336762093,0.331,0.198,0.007298408
SMARCAD1,2.00E-07,-0.100882717,0.493,0.642,0.007334031
ATL3,2.03E-07,0.317567876,0.415,0.589,0.007426672
PRKAG1,2.04E-07,-0.283327689,0.364,0.539,0.007481555
MDP1,2.06E-07,-0.674586449,0.179,0.317,0.007528701
SCGB2B2,2.07E-07,-0.912201376,0.162,0.302,0.007560571
PDP2,2.07E-07,-1.695229211,0.16,0.292,0.007576656
RPS23,2.07E-07,-0.322371841,1,1,0.007584297
PEX3,2.08E-07,-1.240080216,0.148,0.28,0.007606349
HJURP,2.09E-07,0.5608844,0.05,0.158,0.007634699
AC073957.15,2.09E-07,-1.77099131,0.087,0.203,0.007642941
AC022182.3,2.09E-07,-1.78458054,0.036,0.136,0.007661951
MGAT2,2.09E-07,-0.808696179,0.21,0.366,0.007666
LY6G5B,2.10E-07,-0.586325403,0.277,0.435,0.007696106
MYO9A,2.11E-07,-0.137668765,0.72,0.873,0.007736509
RASGRP2,2.12E-07,0.810383745,0.896,0.909,0.007764239
PGAP3,2.13E-07,-0.206089634,0.146,0.289,0.007800882
ZDHHC13,2.14E-07,-0.675800716,0.255,0.404,0.007828754
SOCS4,2.15E-07,0.261938458,0.398,0.558,0.007850886
SMAD3,2.15E-07,1.229239074,0.812,0.805,0.00786804
CEBPD,2.19E-07,1.585267353,0.207,0.101,0.008017091
SPATA17,2.20E-07,-0.650655729,0.098,0.222,0.008038161
ZBTB38,2.20E-07,-1.665533957,0.14,0.267,0.008042566
TIMM23B-AGAP6,2.20E-07,-0.675064725,0.258,0.414,0.008051954
MTPAP,2.21E-07,0.100011404,0.513,0.706,0.008090617
GPALPP1,2.23E-07,0.113626587,0.445,0.613,0.008146582
NXF3,2.23E-07,2.252422356,0.109,0.035,0.008154359
ATP5MC2,2.25E-07,-0.261967866,0.969,0.989,0.008219704
ZCCHC4,2.25E-07,-0.338995351,0.263,0.429,0.008241279
JRK,2.26E-07,-0.13467842,0.076,0.198,0.008269164
ZNF875,2.26E-07,0.704054879,0.63,0.811,0.008273747
FKBP7,2.27E-07,-1.027379638,0.076,0.191,0.008290568
SGF29,2.27E-07,0.121719936,0.317,0.485,0.00830083
BCOR,2.27E-07,-0.181707738,0.56,0.695,0.008302641
DUSP7,2.29E-07,-1.617236477,0.045,0.148,0.008384149
PDCL,2.32E-07,-0.149623745,0.249,0.403,0.008494561
RP11-771K4.3,2.34E-07,3.367063511,0.034,0.001,0.00857387
KLC4,2.34E-07,-0.338679662,0.249,0.403,0.008576196
H1-2,2.35E-07,1.305698027,0.776,0.7,0.008597711
RPL30,2.35E-07,-0.305191069,1,1,0.008604182
H2BC15,2.36E-07,1.187682738,0.616,0.468,0.008622722
G2E3,2.38E-07,0.158919317,0.588,0.785,0.008727779
CLK3,2.39E-07,0.197465561,0.655,0.806,0.008740286
AC009506.1,2.40E-07,-0.734949509,0.098,0.218,0.008781954
RP4-714D9.2,2.40E-07,-1.105895022,0.084,0.203,0.008790614
RP11-106M3.3,2.41E-07,-2.349213116,0.05,0.155,0.008805274
CTD-2553L13.10,2.42E-07,-1.181509393,0.162,0.297,0.008874252
XPC,2.43E-07,0.239343622,0.521,0.703,0.008877447
CEP104,2.45E-07,-0.142815661,0.347,0.513,0.008950892
CMTM1,2.45E-07,-1.261066578,0.076,0.192,0.008981726
ERP27,2.47E-07,-0.449362838,0.12,0.255,0.009035463
PIEZO1,2.49E-07,0.177371101,0.866,0.968,0.009101195
SNX25,2.50E-07,-0.826318372,0.176,0.325,0.009144344
TSG101,2.50E-07,-0.189152465,0.672,0.801,0.009150505
AP1S1,2.51E-07,-0.358502438,0.07,0.192,0.00918033
SYNJ1,2.51E-07,-0.100826375,0.468,0.639,0.009184943
RP11-166P13.4,2.52E-07,-2.82577135,0.006,0.082,0.009237888
CCDC18,2.53E-07,-0.204424775,0.591,0.729,0.009267744
DNAJB4,2.54E-07,0.120381551,0.101,0.227,0.009307888
DLGAP4-AS1,2.56E-07,-0.707278521,0.154,0.293,0.009357539
SNX30,2.58E-07,1.313333887,0.499,0.367,0.009426999
TTLL10,2.58E-07,-2.473391102,0.034,0.13,0.009428104
TIE1,2.59E-07,-0.825303315,0.165,0.307,0.009495011
ARHGEF9,2.60E-07,-0.629605604,0.269,0.411,0.009528027
ZNF347,2.61E-07,-0.746086736,0.115,0.237,0.009534869
SLC25A45,2.61E-07,-0.993617858,0.104,0.228,0.009541683
ZNF23,2.62E-07,0.392572276,0.067,0.18,0.009590306
ZNF385D,2.63E-07,4.012328127,0.443,0.335,0.009607817
PREP,2.65E-07,0.136680395,0.585,0.755,0.009717251
NPIPA3,2.66E-07,-0.296231326,0.123,0.255,0.009719336
NUFIP1,2.66E-07,0.285260933,0.401,0.581,0.009729966
MTX3,2.66E-07,-1.295706253,0.092,0.216,0.009748409
DNPEP,2.68E-07,-0.133688033,0.639,0.804,0.009796046
MAP7D1,2.68E-07,-0.118292587,0.661,0.787,0.009798806
ZNF565,2.72E-07,-0.165573052,0.423,0.577,0.009939891
ZBED5,2.72E-07,-0.355044188,0.375,0.517,0.009958745
RHOT2,2.72E-07,0.412774244,0.639,0.814,0.009963309
LINC01151,2.74E-07,2.276597584,0.106,0.034,0.010019863
ACOT11,2.76E-07,0.187729718,0.431,0.638,0.010100083
RP11-422P24.11,2.76E-07,-2.385914178,0.008,0.088,0.010100976
MANF,2.76E-07,-0.373795724,0.378,0.539,0.010109782
LRRC7,2.79E-07,-0.68852462,0.283,0.431,0.010201222
ROR1-AS1,2.80E-07,2.829561635,0.154,0.065,0.010253775
TSPYL2,2.81E-07,1.5523749,0.356,0.217,0.010295461
IGSF8,2.84E-07,0.186904964,0.146,0.293,0.010398837
PITPNA-AS1,2.84E-07,-1.072762595,0.087,0.202,0.010401548
CFL2,2.85E-07,-1.143814941,0.199,0.342,0.010420718
TERT,2.85E-07,-2.006730522,0.017,0.104,0.010441033
PEA15,2.86E-07,-0.214812141,0.216,0.367,0.010460431
ZNF442,2.86E-07,-1.627145408,0.076,0.192,0.010462609
MYB,2.87E-07,-0.202959951,0.832,0.892,0.010498751
DSTYK,2.88E-07,0.975421789,0.86,0.884,0.01052824
C1orf162,2.89E-07,-0.204234317,0.331,0.481,0.010591184
ZNF510,2.90E-07,0.251928274,0.272,0.436,0.010619865
ZDHHC23,2.91E-07,-1.556215991,0.081,0.2,0.010644833
EPDR1,2.94E-07,0.27345124,0.345,0.513,0.010742546
AP5S1,2.95E-07,-1.185402933,0.162,0.297,0.010779404
ST3GAL3-AS1,2.95E-07,-0.892164593,0.092,0.213,0.010801358
GVQW3,2.98E-07,-0.339419912,0.143,0.281,0.010907841
NPEPL1,3.00E-07,0.336891595,0.487,0.654,0.010977935
RP11-752G15.8,3.01E-07,-2.399002156,0.056,0.161,0.011023062
SLC39A1,3.01E-07,0.208829895,0.224,0.375,0.011029464
U2AF1L5,3.05E-07,0.297924655,0.359,0.554,0.011157017
FANCG,3.05E-07,-1.294484174,0.179,0.316,0.011178324
CYB5A,3.07E-07,-0.32110884,0.123,0.254,0.011247748
SLC27A1,3.08E-07,-0.134366525,0.3,0.452,0.011259802
VKORC1L1,3.09E-07,-0.189293805,0.532,0.683,0.011311232
DDX42,3.09E-07,0.15102849,0.625,0.785,0.011322148
TOPBP1,3.10E-07,-0.110049516,0.731,0.845,0.011338069
ETS1,3.11E-07,-1.858341803,0.034,0.131,0.011368577
C17orf64,3.12E-07,-1.92969026,0.092,0.213,0.011417587
C5,3.16E-07,-0.776442681,0.137,0.268,0.011548395
FANCB,3.16E-07,-1.101511786,0.21,0.338,0.011583631
DDX21,3.17E-07,0.673514834,0.952,0.969,0.0115915
SLC25A17,3.17E-07,0.359902459,0.258,0.414,0.011613357
RP11-517O13.1,3.18E-07,-0.990505132,0.112,0.238,0.011630763
APMAP,3.19E-07,-0.388919949,0.476,0.625,0.011672865
RP11-138A9.2,3.20E-07,-0.222827732,0.042,0.146,0.011714023
PRDM8,3.21E-07,1.353035696,0.487,0.355,0.011744897
RP11-977G19.11,3.22E-07,-1.306933135,0.12,0.248,0.011784125
BNIP3,3.24E-07,-0.799376018,0.132,0.255,0.011867096
RAB33B-AS1,3.26E-07,-0.123999468,0.336,0.493,0.011927676
PON2,3.27E-07,0.269508338,0.437,0.598,0.011967134
C1orf35,3.29E-07,-0.126819977,0.381,0.527,0.012054841
H1-10,3.30E-07,0.740398269,0.936,0.902,0.012092103
ZNF433,3.31E-07,-0.763233824,0.118,0.245,0.012117995
TMEM221,3.31E-07,-2.830634103,0.011,0.091,0.012122197
ZKSCAN4,3.32E-07,-1.379425338,0.095,0.213,0.012135423
STX17,3.34E-07,0.17654386,0.401,0.58,0.01223587
NSF,3.35E-07,-0.169305336,0.555,0.727,0.012275231
CRYGS,3.36E-07,-0.218196262,0.081,0.202,0.01229632
PLD1,3.38E-07,1.025731824,0.709,0.602,0.012367989
PTPRJ,3.38E-07,-0.221781494,0.14,0.272,0.012380903
PNPLA4,3.39E-07,-0.881172857,0.162,0.3,0.012409948
ACOT4,3.39E-07,-1.9253474,0.031,0.125,0.012418831
FTSJ1,3.40E-07,-0.229399569,0.336,0.497,0.012443232
GNA15-DT,3.42E-07,-0.297226466,0.185,0.322,0.012509513
SIGLEC6,3.42E-07,-2.571060124,0.011,0.091,0.012527683
AMZ1,3.44E-07,-0.47388807,0.202,0.346,0.012607256
SCHIP1,3.45E-07,-2.87851063,0.022,0.111,0.012632638
TIGD2,3.48E-07,0.225868291,0.042,0.145,0.01272942
KAT8,3.48E-07,0.213236256,0.518,0.72,0.012749004
ZBTB6,3.50E-07,-0.717060139,0.101,0.225,0.012794935
ADGRB1,3.52E-07,-2.134172583,0.025,0.116,0.012893159
RP11-307E17.8,3.53E-07,-0.165147307,0.437,0.611,0.012916214
FOXRED2,3.54E-07,-1.153127376,0.081,0.201,0.012948446
TOR1AIP1,3.55E-07,-0.105202456,0.664,0.831,0.013004818
DYNC2LI1,3.58E-07,-0.523011178,0.297,0.445,0.013118041
CRPPA,3.59E-07,-0.296647632,0.485,0.656,0.013126896
FUT11,3.62E-07,-0.394322937,0.305,0.479,0.013236066
XRCC4,3.67E-07,0.292467988,0.485,0.645,0.013421033
EDC4,3.67E-07,0.423099741,0.543,0.689,0.013425414
SPRING1,3.68E-07,-0.637231378,0.146,0.277,0.013459896
TIMELESS,3.71E-07,-1.293512218,0.224,0.357,0.013567181
KRCC1,3.72E-07,-0.504869732,0.241,0.389,0.013612128
ARPC5L,3.74E-07,-0.250423636,0.571,0.706,0.013670224
ZBTB18,3.74E-07,1.765619342,0.244,0.125,0.013688849
RPA2,3.76E-07,-0.637184379,0.258,0.391,0.013753907
PRKACB-DT,3.76E-07,-1.032293053,0.067,0.18,0.013779208
HENMT1,3.78E-07,-1.356363273,0.154,0.28,0.01383843
JAK2,3.79E-07,0.264569887,0.72,0.879,0.013877513
SERP1,3.85E-07,-0.252920274,0.835,0.914,0.01409018
ZNF8-DT,3.90E-07,-0.258429663,0.098,0.222,0.014269026
RLIM,3.91E-07,-0.196693442,0.728,0.838,0.014297313
CTD-3032J10.2,3.91E-07,-0.62778219,0.064,0.175,0.014300068
ARL4A,3.91E-07,1.32021229,0.779,0.714,0.014307747
CTC-329D1.2,3.91E-07,-1.216489343,0.227,0.367,0.01432274
ZNF18,3.93E-07,-0.615729913,0.165,0.305,0.014367116
RP11-611O2.5,3.94E-07,-0.834644658,0.045,0.146,0.014426746
YWHAZ,3.94E-07,0.679040205,0.975,0.982,0.014431099
DPH1,3.99E-07,-0.437805923,0.277,0.422,0.014608376
DNASE1,4.00E-07,-0.197698762,0.434,0.583,0.014623318
ZNF808,4.02E-07,-0.304593192,0.297,0.456,0.014706618
ACD,4.03E-07,-0.391093604,0.339,0.481,0.01474098
STK11IP,4.04E-07,0.33306413,0.373,0.535,0.01478582
CDC25A,4.07E-07,-0.67479621,0.076,0.194,0.014912976
PTPN22,4.08E-07,-0.307892667,0.406,0.553,0.014928191
DGCR2,4.11E-07,-0.265599789,0.527,0.701,0.015048297
STBD1,4.11E-07,-2.568325728,0.017,0.101,0.015048378
SIGLEC14,4.13E-07,-1.076341061,0.022,0.112,0.015101437
QSOX1,4.13E-07,-0.114139834,0.672,0.786,0.01512754
PRELID3B,4.15E-07,-0.565891497,0.434,0.585,0.015184934
SH3GL1,4.18E-07,1.161173769,0.826,0.8,0.015284732
MTOR,4.18E-07,0.539480711,0.602,0.817,0.015290148
PKD1L3,4.23E-07,-1.117178677,0.112,0.233,0.015476164
C12orf45,4.24E-07,-0.90357844,0.345,0.461,0.015525615
HEXD,4.25E-07,0.160166732,0.465,0.621,0.015550757
HNRNPK,4.27E-07,-0.151099123,0.969,0.987,0.015627933
RWDD3,4.30E-07,-0.108743934,0.21,0.349,0.0157354
PCBP3,4.31E-07,3.693268143,0.193,0.098,0.015789296
CTB-193M12.5,4.32E-07,-0.952312493,0.146,0.276,0.01582685
PPP2R3C,4.35E-07,0.277292305,0.728,0.89,0.015930666
TBRG1,4.35E-07,-0.198534814,0.583,0.704,0.015932267
APBB3,4.36E-07,0.615526339,0.176,0.323,0.015954074
BLVRA,4.38E-07,3.38468637,0.227,0.115,0.016016893
UBE3B,4.38E-07,0.305781486,0.263,0.418,0.016025361
RP11-301N24.3,4.42E-07,-0.34653575,0.048,0.153,0.016161788
POLI,4.45E-07,0.28001408,0.202,0.347,0.016292537
FUNDC1,4.48E-07,-1.400685193,0.179,0.31,0.016379926
HAUS8,4.49E-07,-0.306661234,0.16,0.302,0.01644865
PRKAR1B-AS1,4.51E-07,-0.373203495,0.081,0.196,0.016512659
POC1B-AS1,4.53E-07,-1.176717858,0.132,0.266,0.016591762
MAP3K11,4.54E-07,0.358562899,0.521,0.706,0.016616529
RAD51AP1,4.56E-07,-1.547069669,0.106,0.229,0.016688489
GOLGA8M,4.57E-07,-0.213824472,0.23,0.398,0.016727405
DOCK5,4.60E-07,0.557222633,0.961,0.978,0.016826679
TRMT10C,4.62E-07,-0.552743147,0.395,0.529,0.01690043
IFT57,4.63E-07,-0.165841743,0.594,0.739,0.016963904
ZMYND19,4.64E-07,-0.889327098,0.14,0.27,0.016974948
RPP40,4.69E-07,-1.420792898,0.064,0.171,0.017176346
CTD-2576D5.4,4.70E-07,-2.270092938,0.036,0.132,0.017202391
TRMU,4.71E-07,0.129651551,0.311,0.487,0.017227856
KLRK1-AS1,4.72E-07,0.754271993,0.092,0.026,0.017263471
CTNNBL1,4.73E-07,-0.42030411,0.669,0.804,0.017311438
NCAPG,4.73E-07,-1.596749616,0.129,0.252,0.017326717
BLMH,4.76E-07,-0.2647594,0.44,0.605,0.017416512
CGREF1,4.81E-07,-3.290630433,0.025,0.113,0.017611687
ZHX1,4.83E-07,0.201861094,0.342,0.485,0.017664349
PTK7,4.83E-07,-0.520237807,0.342,0.491,0.017683816
OFD1,4.85E-07,0.285679176,0.552,0.709,0.017755857
HTR7,4.86E-07,4.498543945,0.073,0.018,0.01778425
XYLB,4.86E-07,-0.250635044,0.109,0.232,0.017791744
ZBED6CL,4.87E-07,-0.701920461,0.087,0.205,0.017818952
C1QTNF7-AS1,4.88E-07,0.524971526,0.756,0.634,0.017848592
BPNT2,4.88E-07,-0.388912609,0.454,0.611,0.017854848
MAP3K8,4.88E-07,-0.150258487,0.692,0.831,0.017858617
FBXO41,4.94E-07,-0.434448149,0.409,0.575,0.018089832
XIAP,4.95E-07,0.108707976,0.552,0.722,0.01812273
CUL7,4.97E-07,-0.343602328,0.146,0.281,0.018204565
RP11-88E10.5,4.98E-07,-1.159708764,0.02,0.106,0.018212643
CCDC175,4.98E-07,-1.738698809,0.062,0.167,0.018237483
LINC00824,5.01E-07,-1.115612049,0.182,0.316,0.018351774
PRPF38A,5.04E-07,-0.166564406,0.409,0.562,0.018458821
AC018878.3,5.05E-07,-2.768730045,0.014,0.094,0.018471294
SLC35E4,5.07E-07,-0.240413063,0.087,0.205,0.018556643
CCDC77,5.07E-07,-0.224366212,0.14,0.278,0.018565938
SLC35G2,5.13E-07,0.162693461,0.289,0.442,0.018783757
DNAJC16,5.15E-07,-0.192751159,0.384,0.537,0.018840888
SMPD1,5.17E-07,-1.270848312,0.087,0.203,0.018912745
ZEB1-AS1,5.18E-07,-0.401117259,0.073,0.182,0.018963227
FAM234A,5.19E-07,0.29619696,0.459,0.629,0.01900499
FAHD2B,5.20E-07,-0.465645937,0.148,0.288,0.019019206
S100A13,5.23E-07,-1.882833618,0.073,0.181,0.019131945
R3HCC1,5.24E-07,-0.677457172,0.235,0.371,0.019163708
ADCY7,5.24E-07,0.366511934,0.574,0.74,0.019166196
ZP3,5.24E-07,-1.247821766,0.143,0.269,0.019172608
PRXL2B,5.25E-07,-1.259625963,0.09,0.205,0.019199928
AC006160.5,5.27E-07,-1.549750533,0.059,0.166,0.019281764
STIL,5.27E-07,-0.309278601,0.23,0.37,0.019281922
NLRP1,5.27E-07,-0.464195959,0.339,0.494,0.019305422
TMEM250,5.30E-07,-1.130391729,0.092,0.21,0.019384036
GXYLT1,5.36E-07,-0.321997509,0.277,0.438,0.019631032
RP5-1171I10.5,5.38E-07,0.518161354,0.448,0.685,0.019689044
TCN2,5.39E-07,-1.115840926,0.067,0.181,0.019714577
RP11-849H4.2,5.41E-07,0.426843435,0.227,0.374,0.01979195
SYNRG,5.41E-07,-0.340502723,0.429,0.572,0.019812507
FEN1,5.42E-07,-1.739974495,0.157,0.282,0.019838128
SHANK3,5.50E-07,2.123471964,0.218,0.11,0.020127801
IQGAP3,5.51E-07,-0.993294781,0.101,0.22,0.020157841
ZSWIM1,5.59E-07,-1.063216004,0.059,0.168,0.020458708
LRSAM1,5.60E-07,0.410301936,0.611,0.785,0.020502188
SOGA1,5.65E-07,-0.35177513,0.353,0.508,0.020695286
IFFO1,5.65E-07,0.795814351,0.3,0.458,0.020696416
PELP1,5.67E-07,0.147521528,0.457,0.617,0.020766739
DYRK2,5.71E-07,-0.659144042,0.303,0.443,0.020880372
RFC5,5.74E-07,-0.277353369,0.238,0.381,0.021004555
SQSTM1,5.74E-07,0.957233665,0.952,0.963,0.021014741
PMS2,5.75E-07,0.372803195,0.501,0.682,0.02104047
ALAS1,5.78E-07,0.212901611,0.266,0.418,0.021153609
RPL26,5.79E-07,-0.352099115,1,1,0.021200505
SMARCD2,5.79E-07,0.149341404,0.538,0.714,0.021207996
TADA3,5.86E-07,0.255123203,0.227,0.389,0.021432318
GPR137,5.87E-07,-0.45236079,0.202,0.337,0.021498432
LL22NC03-N14H11.1,5.94E-07,0.103455687,0.134,0.271,0.021746688
FBXO7,5.97E-07,0.234969083,0.745,0.889,0.021840038
PPME1,5.97E-07,-0.232181918,0.429,0.582,0.021854603
DNA2,6.00E-07,-0.897167899,0.263,0.407,0.021967367
ATP6V0D1-DT,6.02E-07,-0.401344592,0.132,0.267,0.022038391
ZNF717,6.05E-07,-0.17529986,0.188,0.336,0.022157974
HIVEP2,6.11E-07,1.040300929,0.597,0.475,0.022364402
CLN6,6.12E-07,-0.381021567,0.325,0.482,0.022388193
SLC37A3,6.26E-07,-2.608421464,0.098,0.214,0.022926707
ACSF2,6.28E-07,-0.901625716,0.168,0.305,0.022999083
RP4-785G19.5,6.32E-07,-0.460647884,0.179,0.318,0.023120758
CAPN15,6.35E-07,0.159130098,0.627,0.801,0.023257
GOLM2,6.36E-07,0.119713664,0.689,0.885,0.023263758
EDARADD,6.37E-07,1.349732729,0.246,0.402,0.023331297
NRBP1,6.39E-07,0.401132197,0.625,0.767,0.023389531
ANKMY2,6.44E-07,-0.226478842,0.493,0.662,0.023558256
SLC25A25-AS1,6.46E-07,-0.320401067,0.137,0.27,0.023637706
TRPM7,6.46E-07,-0.119537478,0.793,0.919,0.023647176
ZNF461,6.47E-07,-0.18373785,0.328,0.492,0.023696835
MTCH1,6.51E-07,0.268096925,0.717,0.841,0.023814021
SVBP,6.52E-07,-0.183286197,0.387,0.538,0.023864325
HELLPAR,6.59E-07,-0.870224738,0.196,0.319,0.024131176
L3MBTL2-AS1,6.60E-07,-0.339636339,0.112,0.237,0.02413949
NEXN,6.62E-07,0.25580408,0.193,0.335,0.024220145
CHAF1B,6.62E-07,-0.250607588,0.252,0.402,0.02423579
ZNF879,6.66E-07,-1.257727871,0.042,0.142,0.02436161
MGST3,6.74E-07,0.118828294,0.44,0.609,0.024686513
ETAA1,6.75E-07,-0.64542055,0.174,0.297,0.024709218
IGFBP2,6.77E-07,-1.130214534,0.034,0.126,0.02478905
ATP2A1,6.78E-07,-1.284337927,0.12,0.239,0.024804953
IRX5,6.78E-07,-1.566501252,0.025,0.113,0.024823322
MEIS1-AS2,6.78E-07,-1.689085647,0.017,0.099,0.024830657
LINC00893,6.97E-07,2.740440443,0.305,0.191,0.025528475
TP53RK,6.98E-07,-0.895280184,0.165,0.296,0.025554928
ABT1,7.02E-07,-0.957430514,0.28,0.406,0.025695295
TRUB1,7.04E-07,-0.766427161,0.157,0.289,0.025763158
EMP1,7.05E-07,-0.863583658,0.151,0.282,0.025793068
ANKS3,7.07E-07,-0.109764903,0.311,0.453,0.025865606
GPN1,7.13E-07,-0.478594453,0.384,0.523,0.026096913
SYNGR1,7.17E-07,0.946268542,0.597,0.443,0.026251685
HELQ,7.23E-07,-0.238445977,0.213,0.358,0.026452454
RARA,7.28E-07,-0.139809068,0.319,0.506,0.026633159
MAP3K7CL,7.30E-07,-0.828088336,0.143,0.267,0.02673083
ARMC9,7.31E-07,-0.673412583,0.549,0.74,0.026743922
BCO2,7.33E-07,-0.15870836,0.02,0.104,0.026815975
RIOK2,7.35E-07,-0.202270055,0.151,0.282,0.026894632
CDK18,7.36E-07,-1.704040459,0.064,0.169,0.026922308
ZNF627,7.36E-07,-0.529412541,0.21,0.36,0.026930961
ANGPTL1,7.40E-07,-1.142115394,0.112,0.231,0.027080557
CDKAL1,7.41E-07,-0.103438276,0.908,0.985,0.027131281
SDF2,7.41E-07,-0.369696338,0.412,0.557,0.027132099
SATB1-AS1,7.42E-07,-0.230455977,0.412,0.576,0.027159013
PEX16,7.43E-07,1.036350578,0.319,0.496,0.027202355
RP11-678G14.4,7.44E-07,-1.145382641,0.059,0.161,0.027232168
SLC25A22,7.48E-07,-0.86720736,0.098,0.216,0.027362308
SARM1,7.54E-07,-0.531101266,0.275,0.424,0.027578237
CH17-80A12.1,7.57E-07,-0.676837787,0.017,0.1,0.027701837
TTC4,7.58E-07,-0.186707416,0.176,0.315,0.027732525
PEX6,7.65E-07,-0.582965,0.263,0.415,0.028009937
FBXO6,7.66E-07,-1.72879729,0.078,0.187,0.02803974
CSNK2A2,7.70E-07,0.20176482,0.622,0.798,0.028197959
ANKRD10,7.73E-07,0.11263937,0.81,0.924,0.02830706
RPS13,7.76E-07,-0.360721697,1,0.999,0.028413285
OAS1,7.76E-07,-0.282734569,0.081,0.192,0.028415029
MBOAT1,7.81E-07,0.392573982,0.571,0.749,0.028579992
CDRT1,7.84E-07,-0.450010064,0.042,0.137,0.028682848
DGAT1,7.89E-07,0.437685849,0.353,0.502,0.028871455
PRCP,7.98E-07,-0.266624458,0.359,0.528,0.029206252
DUSP28,8.03E-07,-0.917159966,0.165,0.299,0.02937461
HNRNPC,8.03E-07,-0.156542646,0.972,0.986,0.029396429
AC093388.3,8.05E-07,-1.683819547,0.048,0.146,0.029476686
MARCHF2,8.09E-07,-1.140815253,0.171,0.301,0.029613806
C12orf66,8.16E-07,-1.404933243,0.134,0.256,0.0298492
ZNF451-AS1,8.16E-07,-0.536290533,0.165,0.296,0.029859038
MYADM-AS1,8.24E-07,1.96898934,0.16,0.071,0.030160251
ECT2,8.27E-07,-1.775772161,0.118,0.234,0.030281367
HLA-DOB,8.28E-07,-1.723145415,0.028,0.116,0.030288502
SPAG5,8.29E-07,-1.311292407,0.134,0.261,0.030347946
GCA,8.31E-07,0.362178716,0.361,0.512,0.03041898
HSP90B1,8.37E-07,0.969561184,0.916,0.921,0.03061601
RPS6KB2,8.43E-07,-0.29086105,0.269,0.425,0.030862862
NPC2,8.48E-07,0.108401226,0.672,0.786,0.031022327
RP11-474B12.1,8.50E-07,-2.230855428,0.025,0.111,0.031112304
ZNF615,8.54E-07,-0.584409634,0.16,0.294,0.031247851
FIGNL1,8.55E-07,-1.532314887,0.053,0.154,0.031282282
CCDC173,8.57E-07,2.615636802,0.266,0.153,0.031365457
GEMIN8,8.62E-07,-0.729396986,0.244,0.378,0.031548575
MYRIP,8.63E-07,-1.589400642,0.151,0.277,0.031576806
RP11-141M1.5,8.64E-07,-2.742961485,0,0.065,0.031627343
CTD-2530N21.4,8.64E-07,-2.326088206,0.028,0.115,0.03163808
IKZF4,8.67E-07,-1.096811954,0.118,0.24,0.031738627
PSMD9,8.70E-07,-0.122929184,0.521,0.658,0.031840835
RP11-535M15.1,8.72E-07,-0.791911244,0.12,0.236,0.031900776
BICRA-AS1,8.73E-07,-2.529106588,0.039,0.132,0.031948051
PPAN,8.74E-07,0.280615631,0.252,0.403,0.031972032
RP11-293M10.1,8.86E-07,1.72979765,0.353,0.221,0.032440843
LINC01023,8.91E-07,-0.383968068,0.109,0.234,0.032599599
ANO1,8.93E-07,1.661434257,0.221,0.116,0.032670504
UBE2A,9.06E-07,0.117787085,0.605,0.731,0.033166908
ARTN,9.09E-07,1.03533354,0.162,0.072,0.033273247
MSH2,9.11E-07,0.239026316,0.448,0.625,0.033331821
POLD3,9.17E-07,-1.190131315,0.283,0.423,0.033546196
GEMIN7-AS1,9.19E-07,-1.568448053,0.078,0.186,0.033646815
PPP2R5D,9.21E-07,0.348076197,0.401,0.561,0.033703748
RP11-1055B8.4,9.23E-07,-0.413364971,0.232,0.377,0.033785261
TENM4,9.26E-07,-1.133610859,0.224,0.353,0.033879751
IMPG2,9.27E-07,-0.154594744,0.09,0.206,0.033917217
RHNO1,9.29E-07,-0.294381195,0.174,0.3,0.034000757
ASPHD1,9.32E-07,-0.993975529,0.076,0.187,0.034113844
ZNF85,9.44E-07,-0.457638975,0.151,0.289,0.034537736
GAPDH,9.45E-07,-0.266056408,1,1,0.034598835
RRP1,9.47E-07,0.58086846,0.339,0.509,0.034661927
CSNK1D,9.50E-07,0.959585231,0.919,0.917,0.034759569
IQSEC3,9.57E-07,-1.550665946,0.154,0.28,0.035011116
NIT1,9.58E-07,-0.395271559,0.179,0.316,0.035049199
DDX19A-DT,9.58E-07,-0.656129292,0.148,0.271,0.035068606
PYROXD2,9.62E-07,-0.196544312,0.207,0.342,0.035221299
AGMO,9.63E-07,-2.473384748,0.14,0.263,0.035239739
DNAAF4,9.63E-07,-0.634825301,0.182,0.317,0.035254006
GNL1,9.64E-07,1.583600675,0.725,0.698,0.035265538
TMEM129,9.64E-07,-0.745093969,0.126,0.247,0.035275279
TOR1A,9.64E-07,0.157251576,0.322,0.473,0.035296454
RP11-337C18.10,9.64E-07,-1.018688115,0.272,0.404,0.03529824
LHFPL5,9.67E-07,-0.589738875,0.132,0.256,0.035407853
ASB16-AS1,9.68E-07,-0.429353303,0.193,0.335,0.035434803
YKT6,9.79E-07,0.615936233,0.305,0.472,0.03583148
NPY1R,9.85E-07,1.387784403,0.569,0.465,0.036064559
CTD-2017D11.1,9.90E-07,-0.374137111,0.261,0.419,0.036238905
GPATCH1,9.91E-07,-0.144335136,0.157,0.297,0.03627936
GRAPL,1.01E-06,0.344706864,0.123,0.256,0.036806462
TCEAL3,1.01E-06,0.131382465,0.3,0.452,0.036832487
USP31,1.01E-06,-0.337390762,0.126,0.255,0.036939015
FUT8,1.01E-06,-0.180273378,0.543,0.675,0.036944611
SCRN3,1.01E-06,-0.325068765,0.154,0.277,0.037065693
SNX15,1.02E-06,-0.302182904,0.176,0.304,0.03715904
ZWINT,1.02E-06,-1.747543419,0.16,0.279,0.037365734
UNC5B,1.03E-06,-3.268949229,0.028,0.114,0.037866127
DDX47,1.05E-06,-0.301629501,0.162,0.305,0.038453143
ZNF706,1.05E-06,-0.154792913,0.591,0.71,0.038521967
ALKBH5,1.05E-06,0.360903926,0.552,0.717,0.038542384
SNHG26,1.05E-06,-0.110314343,0.252,0.405,0.038584903
FBXO30-DT,1.06E-06,-0.371176907,0.157,0.28,0.038672728
RBM12,1.06E-06,-0.354109884,0.336,0.472,0.038879748
SRR,1.07E-06,-1.240932955,0.162,0.293,0.0390053
CYP3A5,1.07E-06,-2.147372342,0.008,0.081,0.039089868
ABRAXAS2,1.07E-06,0.261440435,0.457,0.636,0.039231937
RP1-170O19.14,1.08E-06,-2.926154906,0,0.064,0.039529733
DTWD1,1.08E-06,-0.848479634,0.28,0.408,0.039581762
IGFLR1,1.08E-06,-0.42033969,0.176,0.312,0.039665627
VTI1A,1.09E-06,-0.14110378,0.849,0.966,0.040006499
WDR88,1.10E-06,-1.293626842,0.067,0.171,0.040409801
GTPBP3,1.11E-06,0.199694947,0.224,0.371,0.040497901
FOSL1,1.11E-06,1.095210593,0.594,0.451,0.040522681
TMEM128,1.11E-06,-0.247805558,0.213,0.351,0.040594904
SLC26A2,1.11E-06,-0.62086959,0.23,0.37,0.040734261
RP11-191L9.4,1.11E-06,-0.916631312,0.165,0.288,0.040799275
FAM3A,1.12E-06,-0.550521033,0.375,0.518,0.040872333
ZYG11B,1.12E-06,-0.299355578,0.473,0.625,0.040944396
RSF1,1.12E-06,-0.147934129,0.91,0.985,0.041007324
AC018816.3,1.13E-06,-0.601479597,0.095,0.209,0.041337394
ZSCAN25,1.14E-06,-0.27635997,0.165,0.304,0.041543648
RAB9A,1.14E-06,0.126775017,0.23,0.366,0.041547783
LAMTOR3,1.14E-06,-0.25759818,0.294,0.44,0.041764487
GM2A,1.15E-06,-0.493371989,0.314,0.461,0.04193611
NIPA2,1.15E-06,0.171748234,0.616,0.793,0.041963831
RABEP2,1.15E-06,0.183141036,0.616,0.796,0.04204369
CD79A,1.16E-06,-0.736079621,0.034,0.123,0.04230714
RENO1,1.16E-06,-0.638327427,0.199,0.337,0.042510445
CHM,1.17E-06,0.259705787,0.286,0.429,0.042934796
AC009303.1,1.17E-06,-1.55518291,0.05,0.146,0.042964862
PROSER2,1.18E-06,0.189123685,0.375,0.537,0.043034615
ZBTB3,1.18E-06,-1.224691267,0.039,0.132,0.043067427
EMSY,1.18E-06,0.218824169,0.331,0.483,0.043071848
UBC,1.19E-06,-0.243676305,0.98,0.992,0.043601017
UBP1,1.19E-06,0.203955742,0.731,0.895,0.043677486
GID8,1.19E-06,0.217283152,0.616,0.771,0.043683346
P3H4,1.19E-06,-0.921921143,0.078,0.187,0.043701284
ZNF740,1.20E-06,-0.693538544,0.168,0.297,0.044004735
AC015987.1,1.20E-06,-1.619408278,0.09,0.199,0.04403199
ARRDC4,1.21E-06,0.132424201,0.182,0.319,0.044253815
MED15,1.21E-06,0.234698872,0.86,0.971,0.044375296
RP11-96D1.10,1.21E-06,-0.851217445,0.022,0.105,0.044451412
ATPSCKMT,1.21E-06,-1.276884808,0.07,0.178,0.04446221
EHD4,1.22E-06,0.334911183,0.182,0.334,0.044635258
AC004878.8,1.22E-06,-1.627131451,0.031,0.116,0.04479384
RECQL4,1.23E-06,-0.62934882,0.16,0.285,0.044855826
TFAP2E,1.23E-06,-0.260223189,0.154,0.285,0.045112729
GALNT12,1.24E-06,-2.027035835,0.042,0.135,0.045217419
ZBTB10,1.25E-06,1.431614022,0.658,0.596,0.045593364
LZTFL1,1.25E-06,0.198884373,0.373,0.527,0.045780247
ZBTB1,1.26E-06,0.147798638,0.636,0.806,0.046072752
SLC35B3,1.27E-06,-1.467690098,0.126,0.244,0.046343188
RP11-157E16.1,1.28E-06,1.32778181,0.23,0.128,0.046670092
USE1,1.28E-06,0.820830988,0.454,0.591,0.046848382
C18orf54,1.29E-06,-1.190287946,0.048,0.146,0.047203556
CCDC138,1.29E-06,-0.134114666,0.426,0.586,0.047205895
PMS1,1.29E-06,0.39092057,0.389,0.544,0.047394202
SH3TC2,1.30E-06,-0.217651257,0.101,0.217,0.047729457
RBM19,1.31E-06,0.267463907,0.538,0.733,0.047939554
GEMIN5,1.31E-06,-0.204284257,0.246,0.395,0.048032348
CTD-2095E4.5,1.32E-06,-1.30246284,0.031,0.117,0.048288266
ETV6,1.33E-06,0.31164683,0.997,1,0.048732152
U2AF2,1.34E-06,0.176222064,0.658,0.839,0.048997891
MLX,1.34E-06,-0.675862025,0.322,0.461,0.049031451
TROAP,1.34E-06,-1.760567006,0.062,0.164,0.049089152
CCDC43,1.34E-06,0.181905687,0.294,0.45,0.04909329
RP11-977G19.12,1.35E-06,-1.28885835,0,0.063,0.049396235
ZSWIM9,1.35E-06,-1.032550865,0.129,0.251,0.04941333
IFT46,1.36E-06,-1.375393631,0.07,0.172,0.049731403
LAMB1,1.36E-06,-1.667785061,0.078,0.184,0.049801992
NXT1,1.36E-06,-0.735571578,0.423,0.523,0.049824946
SRPX2,1.36E-06,-0.689399826,0.008,0.08,0.04988302