pathway	pval	padj	log2err	ES	NES	size	leadingEdge
WP_10Q11_21Q11_23_COPY_NUMBER_VARIATION_SYNDROME	0.394299287410926	0.550409617528722	0.102449405629826	-0.393801798540913	-1.06501161901212	15	JUND ATF2 SMARCA5 DDX21 ITCH MAPK8 SIRT1 SMAD1
WP_11P11_2_COPY_NUMBER_VARIATION_SYNDROME	0.0435540069686411	0.136655691589681	0.287857117255149	0.597767729100184	1.61600945320206	17	CD19 LGALS3BP CD4 HLA-DRA VANGL1 ITGB2 TP53 SLC35C1
WP_15Q11Q13_COPY_NUMBER_VARIATION	0.549053356282272	0.654900008784002	0.0667426134241917	0.337863979079281	0.903306522440738	15	CCL5 CALM1
WP_15Q25_COPY_NUMBER_VARIATION	0.311163895486936	0.481529648219602	0.11776578836269	-0.410769384528663	-1.15469152387747	18	TOP1 WHAMM RNMT SHANK3 PDE8A
WP_16P11_2_DISTAL_DELETION_SYNDROME	0.531963470319635	0.645147187408919	0.0828962134571565	-0.346680515872632	-0.922194632147586	13	RABGEF1 INSR
WP_16P11_2_PROXIMAL_DELETION_SYNDROME	0.264367816091954	0.418582375478927	0.126875729929857	-0.364211068956314	-1.17902015477301	29	NFKB1 KMT2C EZR NR3C1 REL PPP2CA
WP_17Q12_COPY_NUMBER_VARIATION_SYNDROME	0.207746478873239	0.38613747703613	0.125033367555272	0.452309400659875	1.27681947229904	20	CCL5 CCL1 MIEN1 RPL23
WP_1P36_COPY_NUMBER_VARIATION_SYNDROME	0.313364055299539	0.482750031137128	0.115240003147781	-0.334035513380156	-1.10445528429138	31	SKI GNB1 SMAD3
WP_22Q11_2_COPY_NUMBER_VARIATION_SYNDROME	0.635253054101222	0.714659685863874	0.0603786357920401	0.274818633861638	0.86951196047162	32	ACTA2 RAN AIFM3 LZTR1 CBX5 TP53 MRPL40
WP_2Q11_2_COPY_NUMBER_VARIATION_SYNDROME	0.788256227758007	0.824414770315714	0.0512184348540341	0.284672718130176	0.694435900899078	10	CIAO2A ITPRIPL1 STARD7
WP_2Q13_COPY_NUMBER_VARIATION_SYNDROME	0.477351916376307	0.608540925266904	0.0743625384422526	0.348836898235249	0.97152747428652	19	MIR4435-2HG POLR2L POLR2H POLR2K POLR2F POLR1B BCL2L11 POLR1G
WP_2Q37_COPY_NUMBER_VARIATION_SYNDROME	0.00194848533305558	0.0166376199747368	0.45505986738723	-0.559282396229425	-1.91819982198096	38	JUN NFKBIA LRRFIP1 TRAF3 GABARAPL1 RAB27A SNED1 NEU4 MYO5A DGKD CYTH1 PER2 MAP4 CXCR4
WP_3Q29_COPY_NUMBER_VARIATION_SYNDROME	0.0207983381068647	0.0867442882018016	0.352487857583619	-0.614487690665019	-1.72342042871809	17	JUN CEP350 SENP5 FBXW7 TGFB1 SIRT1 SLC40A1 HIF1A
WP_4P16_3_COPY_NUMBER_VARIATION	0.947488584474886	0.955873439204752	0.0542315935495841	-0.187315751526142	-0.498273115058946	13	PIK3R1 GRB2 FRS2
WP_5Q35_COPY_NUMBER_VARIATION	0.0767946577629382	0.203595139185464	0.208955027549354	0.436407966901084	1.4751232700205	45	MT-CO2 MT-CO1 MT-CO3 COX6A1 COX5B COX7C GNAI1 COX5A COX6B1
WP_7Q11_23_COPY_NUMBER_VARIATION_SYNDROME	0.549579831932773	0.654900008784002	0.0655321029282414	0.290738791644323	0.938178597698634	38	MT-ATP6 ATP5F1A MYBBP1A ATP5MC3 CDKN1C ATP5MC1 PCNA CFL1 HMGA1
WP_7_OXO_C_AND_7_BETA_HC_PATHWAYS	0.5	0.615107913669065	0.0730744399126987	0.390907897014592	0.953587963802552	10	SLC27A5 ACOT4 ACOT7 DBP SLC27A2 EBP SCP2 ACOT8 DHCR7
WP_8P23_1_COPY_NUMBER_VARIATION_SYNDROME	0.200913242009132	0.386024318916423	0.147331213699377	-0.492219129232522	-1.30933761211247	13	S100A10 CTNNB1 MTMR6 AXIN1 RAF1 MAPK1 TNKS
WP_8Q11_23_RB1CC1_COPY_NUMBER_VARIATION	0.00728077356736422	0.0401616864522349	0.407017918923954	-0.734071421314073	-1.83860672812658	10	RB1CC1 GABARAPL1 ULK1 WDR45B MAP3K5 ATG13 ATG16L1
WP_ACUTE_VIRAL_MYOCARDITIS	0.387650085763293	0.545581602185376	0.0845557442441281	0.329590783426327	1.05194752776815	34	ACTB ITGAL CASP1 CD4 RAC2 PYCARD
WP_ADIPOGENESIS	0.0399185455552087	0.127590117568985	0.321775918075361	-0.43046218210717	-1.53111417275671	45	NAMPT KLF6 CFD SMAD3 CTNNB1 WNT5B NR3C1 SREBF1 NCOA1 STAT3 TGFB1 DDIT3 KLF7 NCOR1
WP_AGE_RAGE_PATHWAY	0.00201989209899171	0.0166376199747368	0.431707695803346	-0.644812341038068	-1.9892273684639	24	JUN NFKBIA NFKB1 INSR SMAD3 MAP2K1 EZR STAT3 ATF2 PRKCB PRKCD CHUK MAPK8 DIAPH1
WP_ALLOGRAFT_REJECTION	0.225352112676056	0.400115834588208	0.119348440591015	0.446017611404739	1.25905844627385	20	IL2RA PRF1 HLA-DRB1 HLA-DRA
WP_ALPHA_6_BETA_4_SIGNALING_PATHWAY	0.345323741007194	0.500405338606031	0.0937465422491719	0.44112141233935	1.10185157750277	12	PRKCA EIF4EBP1
WP_ALSTROM_SYNDROME	0.868794326241135	0.886948237535726	0.0466015072985992	0.2509582702556	0.641104712540451	13	TUBG1 E2F4 IFT27 SNAPIN ARMCX5-GPRASP2
WP_ALZHEIMER_39_S_DISEASE	0.104854266001131	0.237484496505872	0.287805130535564	-0.330553745794452	-1.33323937168644	90	RB1CC1 NFKB1 INSR BRAF PSMD12 PLCB1 MAP2K1 CTNNB1 WNT5B KRAS ULK1 ADAM17 ATF6 MAP3K5 PIK3R1 ITPR2 PSMD1 CHUK TUBA1A MAPK8 EIF2AK3 PLCB2 DDIT3 ATG13 ERN1 PPP3CA PSMA1
WP_ALZHEIMER_39_S_DISEASE_AND_MIRNA_EFFECTS	0.104854266001131	0.237484496505872	0.287805130535564	-0.330553745794452	-1.33323937168644	90	RB1CC1 NFKB1 INSR BRAF PSMD12 PLCB1 MAP2K1 CTNNB1 WNT5B KRAS ULK1 ADAM17 ATF6 MAP3K5 PIK3R1 ITPR2 PSMD1 CHUK TUBA1A MAPK8 EIF2AK3 PLCB2 DDIT3 ATG13 ERN1 PPP3CA PSMA1
WP_AMINO_ACID_METABOLISM	0.202108963093146	0.38613747703613	0.126875729929857	0.414233107255686	1.26391737412795	27	BCAT1 MDH2 LDHA FAH PKM MARS2 SRM IDH1 FH GPT2 VARS1 SMS GSS ALDH18A1 MPST SDHA ARG1 OAT MDH1
WP_AMP_ACTIVATED_PROTEIN_KINASE_SIGNALING	0.152019002375297	0.3189601154132	0.175204047558551	-0.508183387009196	-1.37434926340871	15	INSR PLCB1 SREBF1 PIK3R1 ACACB EEF2
WP_AMYOTROPHIC_LATERAL_SCLEROSIS_ALS	0.600688468158348	0.689380725201862	0.0623861492893626	0.321755324798101	0.860238739602254	15	GPX1 CASP1 TP53 SOD1 TNFRSF1A BAX
WP_ANDROGEN_RECEPTOR_NETWORK_IN_PROSTATE_CANCER	0.00677035980766234	0.0392451365122122	0.407017918923954	-0.534507473792543	-1.80318728471174	36	JUN FOS ARID1A SMARCC1 SMAD3 MAP2K1 FKBP5 STAT3 RAP1A RAP1B MAPK8 GRB2 JAK1
WP_ANDROGEN_RECEPTOR_SIGNALING_PATHWAY	0.0117668676850663	0.0574895535470381	0.380730400722792	-0.532159165152923	-1.77721585858769	33	JUN FLNA SMAD3 CTNNB1 CREBBP NCOA1 STAT3 SIN3A PIK3R1 CALR RHOB UBE3A SIRT1 NCOR1 TGIF1
WP_ANGIOPOIETIN_LIKE_PROTEIN_8_REGULATORY_PATHWAY	0.0222390501994831	0.0892431958876286	0.352487857583619	-0.484285653768329	-1.66097960727745	38	INSR MAP2K1 SREBF1 PIK3C2A MAP3K5 PIK3R1 MAPK8 RPS6KA5 SREBF2 CBLB MAP4K5 RICTOR PTPN1 CRK SOS2 RHOQ FOXO3 MAPK14 RAPGEF1 PIK3CA RAF1 MAP3K3 MAP3K2 MAPK1 MAPK6
WP_ANGIOTENSIN_II_RECEPTOR_TYPE_1_PATHWAY	0.0954545454545455	0.22359900373599	0.219250346703755	-0.598763174889624	-1.49970421125478	10	JUND SMAD3
WP_ANTIVIRAL_AND_ANTI_INFLAMMATORY_EFFECTS_OF_NRF2_ON_SARS_COV_2_PATHWAY	0.0290714196125209	0.104657110605075	0.352487857583619	-0.674771362604933	-1.69007964512729	10	NFKBIA NFKB1 CXCL8 CHUK
WP_APOPTOSIS	0.000626812833134488	0.00714566629773317	0.477270815362862	-0.648832101230104	-2.05792793237849	27	MCL1 JUN IRF1 NFKBIA NFKB1 TRAF3 SCAF11 PIK3R1 NFKBIE CHUK
WP_APOPTOSIS_MODULATION_AND_SIGNALING	0.00107865515222524	0.0108500018253244	0.45505986738723	-0.657310078383391	-2.05533632498576	26	MCL1 JUN NFKBIA FOS NFKB1 TRAF3
WP_APOPTOSIS_RELATED_NETWORK_DUE_TO_ALTERED_NOTCH3_IN_OVARIAN_CANCER	0.000450344741321591	0.00643142156982511	0.49849310876659	-0.703797843048717	-2.13177345854417	22	JUND YBX3 NFKB1 BEX3 HSPA5
WP_ARRHYTHMOGENIC_RIGHT_VENTRICULAR_CARDIOMYOPATHY	0.482352941176471	0.609279918864097	0.0899860794997137	-0.35793297025745	-0.980934312954049	16	TCF7L2 CTNNB1 ATP2A2 ACTN1 EMD ITGA5 ITGB1 RYR2 CACNA2D1 JUP LMNA ITGA9
WP_ARYL_HYDROCARBON_RECEPTOR_PATHWAY_WP2586	0.235159817351598	0.401865831078194	0.135002033828631	-0.390152222000543	-1.20360828798819	24	KLF6 NFKB1 MAP2K1 KRAS
WP_ARYL_HYDROCARBON_RECEPTOR_PATHWAY_WP2873	0.00273386329165663	0.0212495737669675	0.431707695803346	-0.703760777802936	-1.97379983329445	17	JUND JUN JUNB MGST1 NCOA1
WP_ATM_SIGNALING_PATHWAY	0.0588235294117647	0.164898746383799	0.287857117255149	-0.620884501612752	-1.65668804740788	14	JUN NFKBIA TP53BP1 ATF2
WP_AUTOPHAGY_IN_PANCREATIC_DUCTAL_ADENOCARCINOMA	0.0867579908675799	0.216661387393095	0.231126709673834	-0.584467136219651	-1.55472381922512	13	NFKB1 VMP1 KRAS STAT3 SQSTM1 TFE3 SHOC2
WP_A_NETWORK_MAP_OF_MACROPHAGE_STIMULATING_PROTEIN_MSP_SIGNALING	0.0215449378808571	0.0887755271717244	0.352487857583619	-0.523674242101294	-1.73147692616092	31	JUN NFKB1 SMAD3 CXCL8 MAP2K1 CTNNB1 PRKCB PIK3R1 MAPK8 TGFB1 RPS6KA5 GRB2 SMAD1
WP_BARDET_BIEDL_SYNDROME	0.344887348353553	0.500405338606031	0.0916795246008379	0.410737244128749	1.10614056501845	16	GLI2 FLCN MKKS IFT27 FUZ CEP41 BBS7 BBIP1
WP_BASE_EXCISION_REPAIR	0.225978647686833	0.400115834588208	0.119887845115423	0.524526535864502	1.2795397461023	10	NTHL1 PCNA PARP1 MPG POLD4
WP_BDNF_TRKB_SIGNALING	0.0568181818181818	0.160593538692712	0.287857117255149	-0.669565653355141	-1.67704106090587	10	GAB2 BRAF MAP2K1 KRAS
WP_BLADDER_CANCER	0.498812351543943	0.615107913669065	0.0886261133285098	-0.343127449278381	-0.96454695070829	18	BRAF CXCL8 MAP2K1 KRAS PIK3R1 RPS6KA5
WP_BRAIN_DERIVED_NEUROTROPHIC_FACTOR_BDNF_SIGNALING_PATHWAY	0.101836393989983	0.233745280164928	0.179782316298324	0.414331601259531	1.40050189931872	45	DPYSL2 SORT1 NCF2 DOCK3 MEF2C EIF4EBP1
WP_BREAST_CANCER_PATHWAY	0.0048683004132715	0.0320014824118562	0.407017918923954	-0.537140526348	-1.84225870323448	38	JUN FOS BRAF TCF7L2 MAP2K1 CTNNB1 WNT5B KRAS NCOA1 PIK3R1
WP_BURN_WOUND_HEALING	0.238317757009346	0.401865831078194	0.135740943810425	-0.427474788970195	-1.22202628120544	19	NFKB1 SMAD3 CXCL8 F13A1 BRD4 CXCR4
WP_B_CELL_RECEPTOR_SIGNALING_PATHWAY	0.00123239536454269	0.0115741372509005	0.45505986738723	-0.56328773686817	-1.9528863902213	41	GAB2 JUN NFKBIA NFKB1 BRAF MAP2K1 REL ATF2 PRKCB LYN PIK3R1 PRKCD CHUK MAPK8 RASGRP3 INPP5D GRB2
WP_CALCIUM_REGULATION_IN_CARDIAC_CELLS	0.343980343980344	0.500405338606031	0.11331290842208	-0.318720074446449	-1.08295290567725	37	ATP2B1 GNB1 YWHAZ RGS3 PRKCB ITPR2 YWHAE CALR PRKCD PRKCH GNAI3 PRKCG RGS2
WP_CAMKK2_PATHWAY	0.41002277904328	0.556526207605344	0.09754492162472	-0.396190916135427	-1.01932972344133	11	SIRT1 SQSTM1 CAMK4 EP300 NFATC2 RAF1 MAPK1 ARHGEF7
WP_CANNABINOID_RECEPTOR_SIGNALING	0.952272727272727	0.957874331550802	0.05378728077603	-0.194047792535901	-0.486025700736238	10	MAPK8 MAPK14 DAGLB MAPK1
WP_CARDIAC_HYPERTROPHIC_RESPONSE	0.571428571428571	0.671575846833579	0.0795564677235957	-0.307236239518891	-0.891561882170441	20	NFKB1 MAP2K1 CHUK MAPK8 TGFB1 PPP3CA HDAC5
WP_CELL_CYCLE	0.941463414634146	0.952604993505556	0.057609110864425	-0.17339868760591	-0.626352403402854	49	STAG1 YWHAZ SMAD3 CDC14A YWHAE TGFB1
WP_CELL_LINEAGE_MAP_FOR_NEURONAL_DIFFERENTIATION	0.259345794392523	0.415458624208361	0.129442887745046	-0.436236227152019	-1.22348817892031	17	GPHN HOMER3 DLG2 PPFIA1 SHANK3 GLUL ERC1
WP_CHEMOKINE_SIGNALING_PATHWAY	0.190594059405941	0.37162232928362	0.158514105424824	-0.349132622300722	-1.26690507411259	50	NFKBIA NFKB1 GNB1 BRAF PLCB1 MAP2K1 KRAS STAT3 RAP1A GRK2 PRKCB RAP1B LYN PIK3R1 PRKCD CHUK PLCB2 GRB2 CXCR4 GNAI3 RASGRP2 JAK3
WP_CHOLESTEROL_BIOSYNTHESIS_PATHWAY_IN_HEPATOCYTES	0.647058823529412	0.725554484088718	0.0741758965588009	-0.301190560573777	-0.80365800788803	14	SREBF1 LBR MYLIP ACSL3 ABCA1
WP_CHOLESTEROL_METABOLISM	0.0881294964028777	0.216661387393095	0.20207170902116	0.515978344166077	1.48920934754123	22	SORT1 LRPAP1 TSPO
WP_CHOLESTEROL_METABOLISM_WITH_BLOCH_AND_KANDUTSCH_RUSSELL_PATHWAYS	0.545882352941177	0.654900008784002	0.083129129135339	-0.331862335923737	-0.909486355086343	16	SREBF1 SREBF2 LBR MYLIP ACSL3 ABCA1
WP_CHROMOSOMAL_AND_MICROSATELLITE_INSTABILITY_IN_COLORECTAL_CANCER	0.00204321648812557	0.0166376199747368	0.431707695803346	-0.617743035337582	-1.95932144085244	27	JUN FOS BRAF TCF7L2 SMAD3 MAP2K1 CTNNB1 KRAS REL MAPK8 TGFB1
WP_CHRONIC_HYPERGLYCEMIA_IMPAIRMENT_OF_NEURON_FUNCTION	0.253597122302158	0.413848739495798	0.112843355675562	0.491063079117425	1.22659796882101	12	PRKCA MMP24
WP_CILIARY_LANDSCAPE	0.214092140921409	0.393067590987868	0.156312403073186	-0.30495201156817	-1.19891569252122	81	NFKB1 YPEL5 UBE2H PAFAH1B1 WHRN PSMD12 CTNNB1 CREBBP DYNC1H1 MKLN1 EXOC6B DOCK5
WP_CILIOPATHIES	0.16295025728988	0.33775144238266	0.141225119642531	0.407417627146826	1.30034572323552	34	GLI2 FLCN NEK9 MKKS ATXN10 IFT27 POC1A ANKS6 TMEM17 CC2D2A CEP41 CENPF CCDC28B CCNQ BBS7 TMEM138 BBIP1 TMEM231
WP_CIRCADIAN_RHYTHM_GENES	0.000321274486568805	0.00578294075823849	0.49849310876659	-0.515498059007948	-1.99808919759115	72	JUND PER1 JUN NAMPT RELB TOP1 EGR1 KDM5A CSNK1D HNRNPU CRY1 SREBF1 EZH2 SIN3A SFPQ MAPK8 RBM4 UBE3A SIRT1 PER2 NCOR1 PHLPP1 NFIL3 GFPT1 PRKCG
WP_CKAP4_SIGNALING_PATHWAY_MAP	0.0638820638820639	0.174681753889675	0.282013350011725	-0.442216048261727	-1.50256978708949	37	JUN CD44 NFKB1 SMAD3 MAP2K1 CTNNB1 OCLN FBXW7
WP_CLEAR_CELL_RENAL_CELL_CARCINOMA_PATHWAYS	0.346975088967972	0.500405338606031	0.0928481214159878	0.379262028126187	1.10618560813392	23	TPI1 ENO1 PDGFRB LDHA PKM SHMT2
WP_CLOCK_CONTROLLED_AUTOPHAGY_IN_BONE_METABOLISM	0.20627802690583	0.38613747703613	0.143758989039275	-0.421043998540482	-1.27532419974436	22	PER1 RB1CC1 CRY1 ULK1 PLEKHM1 TGFB1 ATG13 SMAD1 SQSTM1 ATG16L1
WP_COMMON_PATHWAYS_UNDERLYING_DRUG_ADDICTION	0.329289428076256	0.496818414322251	0.0943563635421779	0.425146621104134	1.14494590010056	16	PRKCA ACTB CALM1 GNAI1
WP_COMPLEMENT_AND_COAGULATION_CASCADES	0.454337899543379	0.584148727984345	0.0916795246008379	-0.380481352211267	-1.01210724161491	13	CFD CD55
WP_COMPLEMENT_SYSTEM	0.259965337954939	0.415458624208361	0.108820126769161	0.396393461904644	1.20068520210723	26	PRKCA CD19 SELPLG C1QBP C1S CD93 CFH APOA1 RPS19
WP_COMPLEMENT_SYSTEM_IN_NEURONAL_DEVELOPMENT_AND_PLASTICITY	0.179715302491103	0.361544902658572	0.136490437780413	0.453619379135792	1.32306213529952	23	ATP10A C1S ITGAM
WP_COPPER_HOMEOSTASIS	0.256470588235294	0.415458624208361	0.130777137971974	-0.463995717325291	-1.23806626988524	14	JUN PRNP ADAM17
WP_CORTICOTROPIN_RELEASING_HORMONE_SIGNALING_PATHWAY	0.0000355338458369814	0.0017792837980724	0.557332238758646	-0.668636205533502	-2.25567716642232	36	JUND NFKBIA FOS JUNB FOSB NFKB1 GNB1 BRAF CXCL8 MAP2K1 CTNNB1 FOSL2 PRKCB MAP3K5 RAP1B PRKCI PRKCD MAPK8 TGFB1 FOSL1 ERN1
WP_CYTOPLASMIC_RIBOSOMAL_PROTEINS	0.0000438612028840987	0.0017792837980724	0.557332238758646	0.601108552827218	2.19660764939843	64	RPSA RPS16 RPL27 RPS8 RPL8 RPL6 RPL14 RPS25 RPL19 RPL23 RPS15 RPLP0 RPS5 RPS3 RPS7 RPL37A RPL18 RPL15 RPL18A RPL4 RPL17 RPL24 RPL23A RPL5 RPL7A RPS18 RPL10A RPS12 RPL27A RPS19 RPS15A FAU RPS10 RPL30 RPL41 RPS17 RPS27A RPS23 RPS2 RPS14 MRPL19 RPL11 RPLP2 RPL21 RPL28
WP_CYTOSOLIC_DNA_SENSING_PATHWAY	0.484573502722323	0.609279918864097	0.0756946307932749	0.340581402127748	0.96823035960625	21	CCL5 CASP1 POLR2L PYCARD POLR2H POLR3K
WP_DEVELOPMENT_OF_URETERIC_COLLECTION_SYSTEM	0.656474820143885	0.728942819770158	0.0602484086158019	0.329665619906855	0.823452621391587	12	GLI2 GREB1L
WP_DISTURBED_PATHWAYS_IN_DUCHENNE_MUSCULAR_DYSTROPHY	0.0100973279114959	0.0515415842646509	0.380730400722792	-0.601118241556739	-1.82076135278621	22	MPO NFKBIA NFKB1 SMAD3 MCUB ITPR2 SARAF TGFB1
WP_DNA_DAMAGE_RESPONSE	0.867595818815331	0.886948237535726	0.0458620343117985	0.237192948955287	0.660593726704041	19	E2F1 TP53 RAD51 CCNB1 MDM2 BAX DDB2 GADD45A
WP_DNA_DAMAGE_RESPONSE_ONLY_ATM_DEPENDENT	0.00570125270508605	0.0357341353838388	0.407017918923954	-0.53381803605754	-1.82869648712065	39	JUN NFKB1 INSR TCF7L2 SMAD3 CTNNB1 WNT5B KRAS PIK3C2A PIK3R1 MAPK8 TGFB1 GRB2 FOSL1
WP_DNA_IR_DAMAGE_AND_CELLULAR_RESPONSE_VIA_ATR	0.756227758007117	0.803198426206317	0.0531298054705469	0.253945175036688	0.740676569358983	23	E2F1 PCNA TP53 RAD51 MDM2 FOXM1 RECQL4 BRCC3 PARP1
WP_DNA_IR_DOUBLE_STRAND_BREAKS_AND_CELLULAR_RESPONSE_VIA_ATM	0.882149046793761	0.897901708343649	0.0448645113168564	0.226967312103715	0.611236878174184	16	E2F1 PCNA TP53 RAD51 MDM2 PARP1 BAX
WP_DNA_REPAIR_PATHWAYS_FULL_NETWORK	0.582342954159593	0.679731366288671	0.0632191170859458	0.286162285641057	0.920047544664834	36	NTHL1 FANCC FANCG PCNA FAAP24 POLH RAD51 GTF2H5 POLI
WP_DNA_REPLICATION	0.435456110154905	0.575003821131188	0.0785029047348687	0.383308714918759	1.02480667882398	15	PCNA MCM10 MCM5 ORC1 POLD4 UBA52 CDC7 CDC6 POLA2 POLE2 ORC6 MCM2 CDT1 MCM3 RPA3
WP_DRAVET_SYNDROME	0.483985765124555	0.609279918864097	0.0747385227439092	0.39864728236212	0.972467563756903	10	PRKCA CALM1
WP_DYRK1A_INVOLVEMENT_REGARDING_CELL_PROLIFERATION_IN_BRAIN_DEVELOPMENT	0.787671232876712	0.824414770315714	0.0629394692018967	-0.254020836673845	-0.675713347906529	13	LATS2 SIRT1 TFDP2
WP_EBOLA_VIRUS_INFECTION_IN_HOST	0.137931034482759	0.296681847755368	0.188204146308491	-0.393376469765737	-1.34758685504396	39	NFKB1 RELB TOP1 FLNA CREBBP REL ADAM17 PIK3R1 RHOB RAB7A
WP_EBSTEIN_BARR_VIRUS_LMP1_SIGNALING	0.221461187214612	0.396543068206268	0.139599673451922	-0.480363989550992	-1.27780210412423	13	NFKBIA NFKB1 CXCL8 CHUK MAPK8
WP_ECTODERM_DIFFERENTIATION	0.0471204188481675	0.142612241115693	0.276500599254472	0.501540802348456	1.58684918914951	32	SOCS2 PLXNA2 HESX1 PIM1 EDA2R
WP_EFFECT_OF_PROGERIN_ON_GENES_INVOLVED_IN_HUTCHINSON_GILFORD_PROGERIA_SYNDROME	0.795724465558195	0.824659900669402	0.0643583367917361	-0.245369699002856	-0.663586558923243	15	H3-3B SREBF1
WP_EGFR_TYROSINE_KINASE_INHIBITOR_RESISTANCE	0.496629213483146	0.615107913669065	0.0857844408075645	-0.304343387363757	-0.953825258755473	25	BRAF MAP2K1 KRAS STAT3 PRKCB PIK3R1 NF1 GRB2 JAK1 PRKCG
WP_EGF_EGFR_SIGNALING_PATHWAY	0.0130505259779826	0.0628630969643669	0.380730400722792	-0.442179515026249	-1.65630494459407	62	JUND GAB2 JUN FOS FOSB ABI1 BRAF MAP2K1 PTPN12 KRAS STAT3 RAP1A PRKCB PIK3R1 PRKCI PRKCD ITCH MAPK8 RPS6KA5 INPP5D GRB2 TNK2 JAK1
WP_ELECTRON_TRANSPORT_CHAIN_OXPHOS_SYSTEM_IN_MITOCHONDRIA	0.000000025275693267345	0.000008644287097432	0.73376198835648	0.679072773748217	2.53395302973368	71	MT-CO2 MT-CYB MT-CO1 MT-ND1 MT-CO3 MT-ND5 MT-ND4 MT-ATP6 MT-ND3 MT-ND2 NDUFAB1 COX6A1 COX5B MT-ND6 ATP5F1A COX7C ATP5MF NDUFB7 ATP5MC3 COX7A2 COX5A NDUFB3 NDUFS3 COX6B1 NDUFS2 NDUFC2 ATP5MC1 NDUFB10 ATP5PD NDUFA2 NDUFA13 NDUFB8 COX8A COX7B UQCRQ ATP5IF1 COX15 UQCR10
WP_EMBRYONIC_STEM_CELL_PLURIPOTENCY_PATHWAYS	0.00884485146262965	0.0465375261572206	0.380730400722792	-0.591388249713003	-1.8492060167316	26	JUN FOS BRAF MAP2K1 CTNNB1 WNT5B STAT3 GRB2 JAK1 SMAD1
WP_ENDODERM_DIFFERENTIATION	0.239709443099274	0.401865831078194	0.138022242496643	-0.35190173492659	-1.18715783221006	36	BTAF1 CDC73 SMAD3 WDFY2 CTNNB1 NR3C1 UBR5 EZH2
WP_ENDOMETRIAL_CANCER	0.0189526343342485	0.0837252684488933	0.352487857583619	-0.567524659467305	-1.71900783452383	22	FOS BRAF TCF7L2 MAP2K1 CTNNB1 KRAS PIK3R1 GRB2 AXIN1 SOS2 FOXO3 PIK3CA RAF1 MAPK1 GADD45B FGFR1
WP_ENDOPLASMIC_RETICULUM_STRESS_RESPONSE_IN_CORONAVIRUS_INFECTION	0.12860310421286	0.278368744562014	0.184706471207739	-0.472650219451881	-1.41306246155682	21	HSPA5 PPP1R15A ATF6 MAPK8 PPP1R12A EIF2AK3 DDIT3 ERN1
WP_ENDOTHELIN_PATHWAYS	0.0467937608318891	0.142612241115693	0.276500599254472	0.637028528063118	1.67070492251715	14	MT-CO2 PRKCA CALM1 GNAI1
WP_ENERGY_METABOLISM	0.417808219178082	0.558165667808219	0.0965629554309422	-0.399114682808792	-1.06167321567266	13	NCOA1 ATF2 SIRT1 PPP3CA CAMK4 EP300 FOXO3 MAPK14
WP_ENTEROCYTE_CHOLESTEROL_METABOLISM	0.976618705035971	0.976618705035971	0.0419081748591401	0.18850939925503	0.470866689154199	12	APOA1 FDPS MVD PMVK EBP CD36
WP_ENVELOPE_PROTEINS_AND_THEIR_POTENTIAL_ROLES_IN_EDMD_PHYSIOPATHOLOGY	0.413551401869159	0.558165667808219	0.0985499803531691	-0.387112162678998	-1.08571256918784	17	SMAD3 MAP2K1 KRAS YY1AP1 TGFB1 GRB2 LBR
WP_EPITHELIAL_TO_MESENCHYMAL_TRANSITION_IN_COLORECTAL_CANCER	0.0325151513557904	0.110257965864419	0.321775918075361	-0.451405690913314	-1.56499773127383	41	LATS2 SMAD3 MAP2K1 CTNNB1 OCLN WNT5B KRAS EZH2 PIK3R1 MAPK8 TGFB1 GRB2 HIF1A SUZ12 SOS2 NOTCH2 RBPJ ITGA5 MAPK14 PIK3CA RAF1 NR2C2 MAPK1
WP_ERBB_SIGNALING_PATHWAY	0.0255551351954718	0.0971095137427927	0.352487857583619	-0.506925957664062	-1.64563856880372	28	AREG JUN BRAF MAP2K1 KRAS PRKCB PIK3R1 MAPK8 GRB2 CBLB PRKCG
WP_ESTROGEN_SIGNALING_PATHWAY	0.000115819581402688	0.00360093607633811	0.538434096309916	-0.843412478953984	-2.16995234849165	11	JUN FOS NFKB1 GNB1 BRAF MAP2K1
WP_EUKARYOTIC_TRANSCRIPTION_INITIATION	0.834494773519164	0.857048686316979	0.0476387259290825	0.250679657334724	0.677689136193689	17	POLR2H POLR3K POLR2K POLR2F POLR1B TAF5 POLR2I POLR2C GTF2A2 TBP GTF2E1 TAF12 GTF2H1 ERCC2 POLR3B
WP_EXERCISE_INDUCED_CIRCADIAN_REGULATION	0.12780269058296	0.278368744562014	0.186432558434075	-0.471026790469473	-1.42671993116148	22	PER1 QKI CRY1 ETV6 PER2 ZFR BTG1 CEBPB
WP_EXTRAFOLLICULAR_AND_FOLLICULAR_B_CELL_ACTIVATION_BY_SARS_COV_2	0.416851441241685	0.558165667808219	0.0949751525905595	-0.346396808684869	-1.03560795491284	21	NEAT1 CD69 BCR CXCR4 SELL PTPRC CD82
WP_FAS_LIGAND_PATHWAY_AND_STRESS_INDUCTION_OF_HEAT_SHOCK_PROTEINS	0.450934579439252	0.584148727984345	0.0934449219410994	-0.347624841756099	-0.993758470877806	19	JUN MAPKAPK2 MAPK8
WP_FATTY_ACIDS_AND_LIPOPROTEINS_TRANSPORT_IN_HEPATOCYTES	0.0606585788561525	0.168660438770766	0.241339976815091	0.611084399215552	1.602662469367	14	SORT1 ACSL5
WP_FATTY_ACID_BETA_OXIDATION	0.167259786476868	0.342532017814904	0.142056643575821	0.56064637809034	1.36765115818698	10	TPI1 ACSL5 SLC25A20 CPT2
WP_FATTY_ACID_BIOSYNTHESIS	0.682060390763766	0.743495053530289	0.0578529757032509	0.321389469625712	0.796751499248815	11	ACSL5 ECH1 ACAA2
WP_FERROPTOSIS	0.674057649667406	0.738870885212349	0.069119845655101	-0.276504541866401	-0.826653987412685	21	SAT1 TXNRD1 PRNP
WP_FIBRIN_COMPLEMENT_RECEPTOR_3_SIGNALING_PATHWAY	0.338823529411765	0.49947261663286	0.11146266692298	-0.423977966590841	-1.1312880701497	14	NFKB1 REL CHUK TICAM1 CBLB
WP_FLUOROPYRIMIDINE_ACTIVITY	0.0923623445825933	0.221810933940775	0.195789002148949	0.593532396874128	1.47141668211139	11	UPP1 RRM2 SLC29A1 TP53 ABCC5 CES2 DHFR
WP_FOCAL_ADHESION	0.185279187817259	0.368403966473852	0.163180127180689	-0.345683082456965	-1.26144694060309	54	JUN FLNA BRAF ARHGAP5 MAP2K1 CTNNB1 RAP1A PARVG PRKCB RAP1B PIK3R1 MAPK8 PPP1R12A DIAPH1 GRB2 TNK2
WP_FOCAL_ADHESION_PI3K_AKT_MTOR_SIGNALING_PATHWAY	0.33248730964467	0.496818414322251	0.11776578836269	-0.30094976225152	-1.112920437127	58	CSF3R GNB1 INSR MAP2K1 KRAS ULK1 SREBF1 PPP2CA ATF2 PIK3C2A PIK3R1 COL5A1 CREB5 GRB2 JAK1 HSP90B1 PHLPP1 HIF1A JAK3 SLC2A3
WP_FOLATE_METABOLISM	0.00112822401575976	0.0110243603825668	0.45505986738723	-0.679921097401712	-2.03273147883663	21	HBB MPO NFKB1 INSR
WP_FRAGILE_X_SYNDROME	0.191244239631336	0.37162232928362	0.152144922367565	-0.380145760470312	-1.25691424155424	31	GPHN SH3GL1 BRAF PLCB1 MAP2K1 KRAS NF1 GRB2 MECP2 PPP3CA
WP_G13_SIGNALING_PATHWAY	0.207446808510638	0.38613747703613	0.12563992130984	0.498806034574947	1.2742632433827	13	PFN1 ARHGDIB CALM1 CFL1 CIT
WP_G1_TO_S_CELL_CYCLE_CONTROL	0.795332136445242	0.824659900669402	0.0512184348540341	0.247239857504653	0.732075393112744	25	E2F1 CDKN1C PCNA TP53 CCNB1 MDM2 CREB3 MCM5
WP_GASTRIC_CANCER_NETWORK_2	0.381882770870337	0.541924927957076	0.0873098257637931	0.4401116749005	1.09107382149844	11	PLAC8 DSCC1 CACYBP TOP2A TP53
WP_GASTRIN_SIGNALING_PATHWAY	0.0000468232578440105	0.0017792837980724	0.557332238758646	-0.629971810753939	-2.16703261812766	40	JUN CD44 NFKBIA FOS NFKB1 YES1 EGR1 CXCL8 MAP2K1 CTNNB1 KRAS STAT3 ATF2 PIK3R1 PRKCD CHUK RHOB MAPK8 PRKCH
WP_GENES_CONTROLLING_NEPHROGENESIS	0.753986332574032	0.803198426206317	0.0649407684612899	-0.281270511704225	-0.723659683327179	11	CTNNB1 CXCR4 CD2AP NOTCH2 LAMB2 ITGB1
WP_GENES_RELATED_TO_PRIMARY_CILIUM_DEVELOPMENT_BASED_ON_CRISPR	0.0462633451957295	0.142541117630086	0.282013350011725	0.542590718124034	1.58256297489439	23	CIBAR1 TUBD1 DYNLL1 MKKS IFT46 IFT27 KATNB1 TMEM17 FUZ CC2D2A
WP_GENETIC_CAUSES_OF_PORTO_SINUSOIDAL_VASCULAR_DISEASE	0.792553191489362	0.824659900669402	0.0508054139066364	0.280061052423255	0.715451458621855	13	NCF2 NCF4 CXXC5 EIF6
WP_GLIOBLASTOMA_SIGNALING_PATHWAYS	0.398601398601399	0.554153163909261	0.100633389423036	-0.314178239722428	-1.04195090873891	32	BRAF MAP2K1 KRAS PIK3C2A PRKCB PIK3R1 PRKCI PRKCD PRKCH NF1 GRB2 PRKCG MDM4
WP_GLUCOCORTICOID_RECEPTOR_PATHWAY	0.181609195402299	0.363218390804598	0.156312403073186	-0.398614162986705	-1.2903894807098	29	JUN SRGN TSC22D3 ABHD2 NR3C1 TNFAIP3
WP_GLYCOGEN_SYNTHESIS_AND_DEGRADATION	0.453237410071943	0.584148727984345	0.0787113806986485	0.399494725518083	0.997874692098388	12	CALM2 CALM1 PHKG2 UGP2
WP_GLYCOLYSIS_AND_GLUCONEOGENESIS	0.0516351118760757	0.147383924771678	0.261663521711573	0.609808881552968	1.63037309171047	15	TPI1 ENO1 PGAM1 MDH2 LDHA PKM
WP_GLYCOSYLATION_AND_RELATED_CONGENITAL_DEFECTS	0.410071942446043	0.556526207605344	0.0840745577910723	0.414002048118235	1.03411169135795	12	MPI ALG14 ALG1 DPAGT1
WP_GPCRS_CLASS_A_RHODOPSIN_LIKE	0.078397212543554	0.204670585419049	0.211400189384923	0.538598336032974	1.50002216998317	19	HRH2 GPR174 HTR1F F2R P2RY14 TBXA2R LPAR6
WP_GPCRS_OTHER	0.0515097690941385	0.147383924771678	0.266350657088526	0.650740484654112	1.61324033850232	11	RXFP1 HTR1F ADGRG1 F2R GPR183
WP_GPR143_IN_MELANOCYTES_AND_RETINAL_PIGMENT_EPITHELIUM_CELLS	0.0799289520426288	0.207088648474084	0.211400189384923	0.605623413438513	1.5013913280957	11	PLCB4 ADCY9
WP_G_PROTEIN_SIGNALING_PATHWAYS	0.0820244328097731	0.209345940454794	0.206587922696891	0.450452382977558	1.42520806947583	32	PDE4D PRKCA ADCY9 CALM1 GNAI1
WP_HAIR_FOLLICLE_DEVELOPMENT_CYTODIFFERENTIATION_PART_3_OF_3	0.0489251294692908	0.146775388407872	0.321775918075361	-0.577879383713362	-1.62444537331577	18	JUN FOS FOSB NFKB1 CUX1 CTNNB1 NR3C1 ADAM17
WP_HEAD_AND_NECK_SQUAMOUS_CELL_CARCINOMA	0.229213483146067	0.401865831078194	0.135740943810425	-0.385082612103307	-1.20686545981255	25	NFKB1 TRAF3 CTNNB1 KRAS REL PIK3R1
WP_HEDGEHOG_SIGNALING_PATHWAY_WP4249	0.587188612099644	0.683056140605708	0.0650877566917313	0.357153626371207	0.871247170847775	10	GLI2 KIF3A LRP2
WP_HEMATOPOIETIC_STEM_CELL_DIFFERENTIATION	0.409411764705882	0.556526207605344	0.0995791200495904	-0.392585710771706	-1.07590198856068	16	FOS FOSB
WP_HEPATITIS_B_INFECTION	0.000165975172792387	0.00418065834094962	0.518848077743792	-0.557152827423379	-2.03785346036408	53	JUN FOS NFKB1 TRAF3 DDX3X YWHAZ BRAF SMAD3 CXCL8 MAP2K1 CREBBP KRAS STAT3 ATF2 PRKCB PIK3R1 CREB5 CHUK MAPK8 TGFB1 TICAM1 GRB2 JAK1
WP_HEPATITIS_C_AND_HEPATOCELLULAR_CARCINOMA	0.00125217274351848	0.0115741372509005	0.45505986738723	-0.741435152104259	-2.00516364999034	15	JUN CD44 NFKB1 SMAD3 CXCL8 STAT3 MAPK8 TGFB1 GRB2 JAK1
WP_HEPATOCYTE_GROWTH_FACTOR_RECEPTOR_SIGNALING	0.00672967523981402	0.0392451365122122	0.407017918923954	-0.66324508000372	-1.86441224925391	18	JUN FOS MAP2K1 STAT3 RAP1A RAP1B MAPK8 GRB2
WP_HIPPO_MERLIN_SIGNALING_DYSREGULATION	0.447602131438721	0.584148727984345	0.0787113806986485	0.325749960041485	1.01303860303186	30	PLCB4 ITGAL PDGFRB ITGAE ITGAM
WP_HIPPO_SIGNALING_REGULATION_PATHWAYS	0.258527827648115	0.415458624208361	0.11146266692298	0.407914405311158	1.20783154317623	25	PLCB4 PRKCA PDGFRB
WP_HIPPO_YAP_SIGNALING	0.246891651865009	0.405946850662659	0.11378726182188	0.498877184632247	1.23675845776676	11	TNIK WWTR1 MAP4K1 MAP4K2
WP_HISTONE_MODIFICATIONS	0.0168938785127635	0.0791466637173302	0.352487857583619	-0.581031440871016	-1.68608197338425	20	H3-3B KMT2C PRDM2 ASH1L KMT2E EZH2 DOT1L SETD2 H4C5 H3C4 KMT5B
WP_HOST_PATHOGEN_INTERACTION_OF_HUMAN_CORONAVIRUSES_INTERFERON_INDUCTION	0.000595680833307389	0.00714566629773317	0.477270815362862	-0.761947153588643	-2.0881566374709	16	JUN NFKBIA FOS NFKB1 TRAF3 CHUK MAPK8 TICAM1 IRF9 JAK1
WP_HOST_PATHOGEN_INTERACTION_OF_HUMAN_CORONAVIRUSES_MAPK_SIGNALING	0.0234092302431199	0.0909767811721249	0.352487857583619	-0.631085660179148	-1.72952376540702	16	JUN FOS JUNB MAP2K1 ATF2 MAPK8 DDIT3
WP_HYPOTHESIZED_PATHWAYS_IN_PATHOGENESIS_OF_CARDIOVASCULAR_DISEASE	0.50355871886121	0.617265526345999	0.0727141077934447	0.387519530179376	0.945322318990345	10	FBN2 ENG
WP_IL6_SIGNALING_PATHWAY	0.000531337358019814	0.00679369400151404	0.477270815362862	-0.765011780534083	-2.09655541036132	16	IRF1 JUNB MAP2K1 CREBBP NCOA1 STAT3 PIK3R1 PRKCD GRB2 JAK1
WP_IL_17_SIGNALING_PATHWAY	0.0179325513839676	0.0817724343108923	0.352487857583619	-0.675139775591124	-1.7959194373306	13	NFKB1 TRAF3 STAT3 JAK1 CEBPB CEBPD PIK3CA NFKBIB MAPK1 IL17RA MAP3K7
WP_IL_18_SIGNALING_PATHWAY	0.0776053215077605	0.20416169196657	0.241339976815091	-0.507070296489803	-1.51596671672163	21	IRF1 NFKBIA NFKB1 CTNNB1 PRKCB PIK3R1 ACACB PRKCD CHUK
WP_IL_19_SIGNALING_PATHWAY_MAP	0.254117647058824	0.413848739495798	0.131457611642763	-0.46489440681659	-1.24046421690228	14	NFKB1 STAT3 MAPK8 TGFB1 JAK1 CXCR4
WP_IL_1_SIGNALING_PATHWAY	0.00000069086291820748	0.0000787583726756527	0.659444398037935	-0.778311851764946	-2.43926280059061	25	JUN NFKBIA NFKB1 IRAK3 PELI1 PELI2 MAP2K1 REL ATF2 MAPKAPK2 PIK3R1 CHUK MAPK8
WP_IL_24_SIGNALING_PATHWAY	0.0349757574043367	0.116133097400807	0.321775918075361	-0.369575118631406	-1.47524632014667	87	MCL1 JUN CD44 IRF1 NFKBIA HSPA5 PPP1R15A PDIA3 CXCL8 CTNNB1 CREBBP TXNRD1 STAT3 ABCC1 ATF2 MAPKAPK2 PIK3R1 CD83 CHUK MAPK8 EIF2AK3 TGFB1 DDIT3 ERN1 JAK1 HSP90B1 CXCR4
WP_IL_26_SIGNALING_PATHWAYS	0.199524940617577	0.385522766617014	0.151148761385484	-0.482035731993199	-1.30363461328487	15	JUN MPO NFKBIA CXCL8 STAT3 MAPK8 DDIT3 JAK1
WP_IL_2_SIGNALING_PATHWAY	0.345882352941177	0.500405338606031	0.110122263835536	-0.41771606070634	-1.14477304709908	16	GAB2 MAP2K1 STAT3 PIK3R1 GRB2 JAK1
WP_IL_3_SIGNALING_PATHWAY	0.0000721434923969043	0.00246730743997413	0.538434096309916	-0.722517465962138	-2.19086546061247	23	GAB2 JUN FOS CD69 CXCL8 MAP2K1 STAT3 LYN PIK3R1 MAPK8 TGFB1 INPP5D GRB2 JAK1
WP_IL_4_SIGNALING_PATHWAY	0.0000454394417975229	0.0017792837980724	0.557332238758646	-0.743164564071751	-2.25101356684471	22	GAB2 NFKBIA FOS NFKB1 FLNA STAT3 ATF2 PIK3R1 CHUK INPP5D GRB2 JAK1 JAK3 CEBPB
WP_IL_5_SIGNALING_PATHWAY	0.00701489892686677	0.0393294333276793	0.407017918923954	-0.707385169125451	-1.88749526129204	14	JUN MAP2K1 KRAS STAT3 LYN PIK3R1 GRB2 JAK1
WP_IMMUNE_RESPONSE_TO_TUBERCULOSIS	0.405829596412556	0.556526207605344	0.0972150808846466	-0.39537044677988	-1.04650890524255	12	IRF1
WP_INFLAMMATORY_BOWEL_DISEASE_SIGNALING	0.00871249166355313	0.0465375261572206	0.380730400722792	-0.72604516287318	-1.81850359872714	10	JUN NFKB1 STAT3 TGFB1
WP_INFLUENCE_OF_LAMINOPATHIES_ON_WNT_SIGNALING	0.231818181818182	0.401865831078194	0.135740943810425	-0.51362585317093	-1.28646330855562	10	TCF7L2 CTNNB1 SREBF1 CEBPB AXIN1 CEBPD EMD TLE1
WP_INITIATION_OF_TRANSCRIPTION_AND_TRANSLATION_ELONGATION_AT_THE_HIV_1_LTR	0.0420971600375822	0.133307673452344	0.321775918075361	-0.628782496193472	-1.67776203650953	14	NFKBIA NFKB1 CREBBP
WP_INSULIN_SIGNALING	0.0172427749736402	0.0796895816349318	0.352487857583619	-0.427375192011357	-1.57459676353334	57	JUN FOS INSR EGR1 MAP2K1 PIK3C2A PRKCB MAP3K5 PIK3R1 PRKCI PRKCD MAPK8 PRKCH RPS6KA5 GRB2 CBLB MAP4K5 KIF5B PTPN1 CRK SOS2 RHOQ FOXO3 CYTH3 MAPK14 RAPGEF1 PIK3CA PFKL RAF1 MAP3K3 MAP3K2 MAPK1 MAPK6 ARHGAP33
WP_INTEGRATED_CANCER_PATHWAY	0.703196347031963	0.763470319634703	0.0684714904492088	-0.286924248857547	-0.763238745804278	13	SMAD3 MAP3K5 JAK1 MRE11
WP_INTEGRIN_MEDIATED_CELL_ADHESION	0.772209567198178	0.815110098709188	0.0637845390312975	-0.23251291579353	-0.760586971237121	30	BRAF MAP2K1 RAP1A RAP1B GRB2 CRK CAPN7 ITGA5 RAPGEF1 SELENOP RAF1 MAPK1 MAPK6 ITGB1 ARHGEF7 CAPN2
WP_INTERFERON_TYPE_I_SIGNALING_PATHWAYS	0.0290714196125209	0.104657110605075	0.352487857583619	-0.536392521449199	-1.62648503868205	23	GAB2 REL STAT3 RAP1A PIK3R1 RPS6KA5 IRF9 JAK1 PTPRC
WP_INTERLEUKIN_11_SIGNALING_PATHWAY	0.0325615630184395	0.110257965864419	0.321775918075361	-0.610955322980436	-1.67435550729616	16	YES1 MAP2K1 STAT3 PIK3R1 CHUK TGFB1 GRB2 JAK1
WP_INTERLEUKIN_1_IL_1_STRUCTURAL_PATHWAY	0.000221534110532634	0.00445674504718593	0.518848077743792	-0.715007275658598	-2.16572634879397	22	NFKBIA FOS NFKB1 MAP2K1 ATF2 MAPKAPK2 TANK CHUK MAPK8 RPS6KA5
WP_INTRAFLAGELLAR_TRANSPORT_PROTEINS_BINDING_TO_DYNEIN	0.590747330960854	0.684294773133042	0.0647943366000727	0.355540644757086	0.867312433624999	10	DYNLL1 IFT46 IFT27
WP_JAK_STAT_SIGNALING_IN_THE_REGULATION_OF_BETA_CELLS	0.0658362989323843	0.177291450668311	0.234392647294686	0.640700370113204	1.56293634897068	10	SOCS2 AKT3 HRAS FOXM1
WP_JOUBERT_SYNDROME	0.741935483870968	0.795429264839721	0.0662842187012672	-0.264388282442863	-0.767222366370864	20	FLNA PCM1 MYO5A CSPP1
WP_KISSPEPTIN_KISSPEPTIN_RECEPTOR_SYSTEM_IN_THE_OVARY	0.17039586919105	0.346877305138923	0.138022242496643	0.494907857241802	1.32317596173455	15	PLCB4 PRKCA
WP_KIT_RECEPTOR_SIGNALING_PATHWAY	0.143181818181818	0.306051136363636	0.176694268938498	-0.458086218354188	-1.38903946417174	23	GAB2 MAP2K1 STAT3 PRKCB LYN PIK3R1 MAPK8 INPP5D GRB2
WP_KLEEFSTRA_SYNDROME	0.020241128111727	0.0854625409161808	0.352487857583619	-0.664935258444765	-1.77422739994979	14	H3-3B ARID1A SMARCC1 KMT2C KDM6A
WP_LEPTIN_SIGNALING_PATHWAY	0.120454545454545	0.267502951593861	0.193813302725311	-0.468232369561116	-1.41980529791918	23	PDE3B NFKB1 KPNA4 MAP2K1 REL NCOA1 STAT3 PIK3R1 ACACB CHUK MAPK8 GRB2 JAK1
WP_LEUCINE_ISOLEUCINE_AND_VALINE_METABOLISM	0.414590747330961	0.558165667808219	0.0828962134571565	0.426130358817282	1.03951028946303	10	BCAT1 ACADSB MCCC2 HSD17B10 BCAT2 BCKDHA ACAD8 ECHS1 IVD
WP_LNCRNA_IN_CANONICAL_WNT_SIGNALING_AND_COLORECTAL_CANCER	0.0237391282333025	0.0912222680425782	0.352487857583619	-0.560419951407703	-1.72887929436759	24	JUN ATF3 TCF7L2 CTNNB1 WNT5B HNRNPU EZH2 FOSL1 SENP2 CCND3 AXIN1 CTBP1 CTNNBIP1
WP_LUNG_FIBROSIS	0.48758865248227	0.610825344867898	0.0741758965588009	0.374837997530092	0.957571178710358	13	CCL5 MT2A STN1
WP_MALE_INFERTILITY	0.77619893428064	0.81680010930455	0.0518457624865066	0.246556280215349	0.766756900434556	30	GPX1 SPATA17 HLA-DRA EPSTI1 TCN2 HMGA1
WP_MAPK_CASCADE	0.031153509451604	0.108820092736455	0.352487857583619	-0.613770303802944	-1.68207011172927	16	JUN BRAF MAP2K1 KRAS GRB2 SOS2 MAPK14 RAF1 MAP3K3 MAP3K2 MAPK1 RASA3
WP_MAPK_SIGNALING_PATHWAY	0.000409609966863504	0.00636757312124174	0.49849310876659	-0.488334510342208	-1.92379312402196	80	JUND DUSP1 JUN FOS NFKB1 DUSP10 RELB FLNA BRAF MAP2K1 KRAS RAP1A ATF2 MAPKAPK2 MAPK8IP3 MAP3K5 RAP1B PRKCD CHUK MAPK8 RASGRP3 TGFB1 RPS6KA5 NF1 DDIT3 GRB2
WP_MEASLES_VIRUS_INFECTION	0.0271843453981097	0.101415512578951	0.352487857583619	-0.448863140108825	-1.57688467214337	43	JUN NFKBIA FOS NFKB1 TRAF3 STAT3 PIK3R1 TNFAIP3 CHUK MAPK8 EIF2AK3 IRF9 EIF3H JAK1 CBLB JAK3 CCND3
WP_MECHANOREGULATION_AND_PATHOLOGY_OF_YAP_TAZ_VIA_HIPPO_AND_NON_HIPPO_MECHANISMS	0.463414634146342	0.593587284187449	0.0758886900606117	0.362696304422386	0.98051572216906	17	ACTA2 ACTB WWTR1 ITGB2 MAP4K1 MAP4K2
WP_MECP2_AND_ASSOCIATED_RETT_SYNDROME	0.147465437788018	0.313249563500014	0.175204047558551	-0.469896288218231	-1.36358139197636	20	FKBP5 EZH2 SIN3A UBE3A NF1 MECP2 NCOR1 TET2 HNRNPH1 HNRNPF CTCF CEBPD
WP_MELANOMA	0.226966292134832	0.400115834588208	0.136490437780413	-0.389028818320266	-1.2192330397314	25	FOS BRAF MAP2K1 KRAS PIK3R1 NF1 GRB2
WP_MELATONIN_METABOLISM_AND_EFFECTS	0.15	0.316666666666667	0.172324344900946	-0.563121699066842	-1.41043407302923	10	PER1 NFKB1 CSNK1D CRY1 SIRT1 PER2
WP_MESODERMAL_COMMITMENT_PATHWAY	0.732186732186732	0.787446108200825	0.070113215764256	-0.237268074186806	-0.806193807563944	37	SMAD3 WDFY2 KDM6A UBR5 PPP2CA SETD2 SMAD1 MACF1 JARID2 ARL4A AXIN1 BHLHE40 PBX3 CRTC1 PARP8
WP_METABOLIC_EPILEPTIC_DISORDERS	0.172597864768683	0.349280886099939	0.139599673451922	0.461139214363724	1.34499508109368	23	TPI1 ENO1 SLC1A5 PGAM1 MDH2 LDHA AADAT PKM SHMT2 SLC25A15
WP_METABOLIC_PATHWAYS_OF_FIBROBLASTS	0.325539568345324	0.496818414322251	0.0972150808846466	0.455046909270252	1.1366352681866	12	SLC1A5 LDHA P3H4 UGP2 P4HA3 ALDH18A1 SERPINH1 CD36
WP_METABOLIC_REPROGRAMMING_IN_COLON_CANCER	0.0508101360340451	0.147383924771678	0.321775918075361	0.620486608129136	1.67100845397698	16	ENO1 SLC1A5 PGAM1 MDH2 LDHA PKM IDH2 SHMT2 RPIA FH PYCR2
WP_METABOLIC_REPROGRAMMING_IN_PANCREATIC_CANCER	0.451219512195122	0.584148727984345	0.077274697304471	0.368653372297591	0.996620101062495	17	SLC16A4 SLC1A5 LDHA PKM TP53 RPIA
WP_METAPATHWAY_BIOTRANSFORMATION_PHASE_I_AND_II	0.405693950177936	0.556526207605344	0.0840745577910723	0.3595744003666	1.04876311689864	23	GSTP1 AKR7A2 CYP2U1 CYP7B1 GSTK1 NAT14 EPHX1 MGST2 HS3ST3B1
WP_MET_IN_TYPE_1_PAPILLARY_RENAL_CELL_CARCINOMA	0.0048686977888986	0.0320014824118562	0.407017918923954	-0.605459587305181	-1.8975363734028	25	JUN BRAF MAP2K1 KRAS STAT3 RAP1A RAP1B PIK3R1 MAPK8 GRB2 JAK3 TFE3 CRK SOS2 RAPGEF1 PIK3CA RAF1 MAPK1
WP_MICROGLIA_PATHOGEN_PHAGOCYTOSIS_PATHWAY	0.105719237435009	0.23786828422877	0.179782316298324	0.544024069225841	1.4650901517187	16	NCF2 PIK3R6 RAC2 NCF4 ITGAM ARPC1B SYK ITGB2 VAV1
WP_MICRORNAS_IN_CARDIOMYOCYTE_HYPERTROPHY	0.0195216510694569	0.0845114514652437	0.352487857583619	-0.532816765028774	-1.6899572347198	27	NFKB1 MAP2K1 CTNNB1 STAT3 PRKCB PIK3R1 CHUK MAPK8 TGFB1 PLCB2 PPP3CA HDAC5
WP_MICROTUBULE_CYTOSKELETON_REGULATION	0.0117143076499196	0.0574895535470381	0.380730400722792	0.626985167346905	1.80959565946857	22	DPYSL2 PRKCA
WP_MIRNA_REGULATION_OF_DNA_DAMAGE_RESPONSE	0.71830985915493	0.777411303262614	0.0550211117163117	0.278828797340873	0.787102893203547	20	E2F1 CCNG1 TP53 RAD51 CCNB1 MDM2 BAX DDB2 GADD45A
WP_MIRNA_REGULATION_OF_PROSTATE_CANCER_SIGNALING_PATHWAYS	0.0272813659569109	0.101415512578951	0.352487857583619	-0.65092510939775	-1.7368445269544	14	NFKBIA NFKB1 MAP2K1 CTNNB1 CREBBP KRAS
WP_MIRNA_ROLE_IN_IMMUNE_RESPONSE_IN_SEPSIS	0.000183362207936387	0.00418065834094962	0.518848077743792	-0.771656687369656	-2.16422382282473	17	IRF1 NFKBIA NFKB1 RELB TRAF3 CXCL8 REL CHUK MAPK8
WP_MITOCHONDRIAL_COMPLEX_IV_ASSEMBLY	0.000179736316701702	0.00418065834094962	0.518848077743792	0.742859358440484	2.14403009933683	22	MT-CO2 MT-CO1 MT-CO3 COX6A1 COX5B COX7C COX7A2 COX14 COX5A COX6B1 PET100 COX8A COX7B COX15 COX6C
WP_MITOCHONDRIAL_COMPLEX_I_ASSEMBLY_MODEL_OXPHOS_SYSTEM	0.000385355592420513	0.00627579107656264	0.49849310876659	0.657388400187867	2.11600506199799	35	MT-ND1 MT-ND5 MT-ND4 MT-ND2 NDUFAB1 NDUFB11 MT-ND6 NDUFB7 TMEM186 NDUFB3 NDUFS3 NDUFS2 NDUFC2 NDUFB10 NDUFA2 NDUFA13 NDUFB8 NDUFAF4
WP_MODULATORS_OF_TCR_SIGNALING_AND_T_CELL_ACTIVATION	0.15473441108545	0.322677857263561	0.170932335370056	-0.421456263534091	-1.33675047112856	27	NFKBIA NFKB1 REL PIK3R1 TNFAIP3 CHUK GRB2 CBLB
WP_MRNA_PROCESSING	0.236453201970443	0.401865831078194	0.140406238523342	-0.332377865945166	-1.19759355213665	47	RBM39 CLK1 PTBP2 HNRNPU SRPK2 SREK1 XRN2 RNMT SFPQ
WP_MYOMETRIAL_RELAXATION_AND_CONTRACTION_PATHWAYS	0.120200333889816	0.267502951593861	0.16440575583821	0.401186620623942	1.35606992673761	45	RXFP1 PDE4D PRKCA ACTA2 ACTB CALM2 ADCY9 GUCY1A1 CALM1
WP_NANOPARTICLE_MEDIATED_ACTIVATION_OF_RECEPTOR_SIGNALING	0.0186566686607549	0.0837252684488933	0.352487857583619	-0.649284301659583	-1.75594760580502	15	AREG MAP2K1 KRAS MAPK8 GRB2
WP_NCRNAS_INVOLVED_IN_WNT_SIGNALING_IN_HEPATOCELLULAR_CARCINOMA	0.00299326645034477	0.0222542853482155	0.431707695803346	-0.645090130237063	-1.87197243262824	20	JUN TCF7L2 CTNNB1 WNT5B EZH2 FOSL1 SENP2 CCND3 AXIN1 CTBP1 CTNNBIP1 ELAVL1
WP_NEOVASCULARISATION_PROCESSES	0.00382165376959138	0.0272292831083386	0.431707695803346	-0.752652720338592	-1.99220194833604	12	NFKB1 RELB SMAD3 REL MAPK8 TGFB1 SMAD1 CXCR4 HIF1A
WP_NEPHROTIC_SYNDROME	0.801418439716312	0.825557549346321	0.0502948063662358	0.276931037093836	0.707455437705826	13	PTPRO ALG1 COQ8B ANLN APOL1
WP_NETRIN_UNC5B_SIGNALING_PATHWAY	0.445783132530121	0.584148727984345	0.077274697304471	0.37997160067896	1.01588463550005	15	PRKCA DAPK1 TP53 PPP1CA
WP_NETWORK_MAP_OF_SARS_COV_2_SIGNALING_PATHWAY	0.00595568923063979	0.0357341353838388	0.407017918923954	-0.438401952326562	-1.64259310904686	66	HBB DUSP1 JUN FOS JUNB APOC1 TRAF3 EGR1 CXCL8
WP_NEURAL_CREST_CELL_MIGRATION_DURING_DEVELOPMENT	0.0517136578146239	0.147383924771678	0.321775918075361	-0.6574309763466	-1.69145456901913	11	JUN FOS TRIO STAT3
WP_NEURAL_CREST_CELL_MIGRATION_IN_CANCER	0.24645390070922	0.405946850662659	0.11378726182188	0.47672061206614	1.217843232062	13	SORT1 PIK3R6
WP_NEURAL_CREST_DIFFERENTIATION	0.0967741935483871	0.225148123765635	0.219250346703755	-0.51284068954791	-1.48820077717039	20	NFKB1 CTNNB1 RHOB SMAD1 HDAC5 AXIN1 HDAC6 NOTCH2 RBPJ NFKB2 ITGB1 FGFR1 CTBP2
WP_NEURODEGENERATION_WITH_BRAIN_IRON_ACCUMULATION_NBIA_SUBTYPES_PATHWAY	0.0911161731207289	0.2210051858673	0.224966093540314	-0.596523989927812	-1.53475157787663	11	RB1CC1 ULK1 MECP2 ATG13 ATG16L1
WP_NEUROINFLAMMATION_AND_GLUTAMATERGIC_SIGNALING	0.492436974789916	0.612412528647823	0.0709609456938284	0.303740579846935	0.978429790674783	37	PLCB4 PRKCA CALM1
WP_NF1_COPY_NUMBER_VARIATION_SYNDROME	0.00586321346152848	0.0357341353838388	0.407017918923954	-0.552117332413691	-1.80606418441264	30	MCL1 PER1 WDR48 INPP5A CRY1 EIF3A H4C5 NF1 EXOC4 H3C4 SUZ12 JARID2
WP_NONALCOHOLIC_FATTY_LIVER_DISEASE	0.0277082041925107	0.101894686385362	0.352487857583619	0.435022397705262	1.62792699187404	70	MT-CO2 MT-CYB MT-CO1 MT-CO3 NDUFAB1 COX6A1 NDUFB11 COX5B COX7C NDUFB7 COX7A2 COX5A NDUFB3 NDUFS3 COX6B1 NDUFS2 NDUFC2
WP_NON_GENOMIC_ACTIONS_OF_1_25_DIHYDROXYVITAMIN_D3	0.205128205128205	0.38613747703613	0.147331213699377	-0.371693230892667	-1.23269549171476	32	JUN NFKB1 RELB PLCB1 CXCL8 KRAS PRKCB PRKCD MAPK8 PRKCH PLCB2
WP_NON_SMALL_CELL_LUNG_CANCER	0.577011494252874	0.675814832309873	0.0789209638180035	-0.280986817597648	-0.909607503480057	29	BRAF MAP2K1 KRAS STAT3 PRKCB PIK3R1 GRB2 PRKCG JAK3 SOS2 FOXO3 PIK3CA RAF1 EML4 MAPK1 RASSF1 GADD45B
WP_NOTCH_SIGNALING	0.543529411764706	0.654900008784002	0.0833634065110386	-0.340771253245999	-0.909270018314878	14	CREBBP ADAM17 CTBP1 NOTCH2 NCOR2 CTBP2 MAML3 NUMB
WP_NOTCH_SIGNALING_PATHWAY	0.00448010109438009	0.0312692770260815	0.407017918923954	-0.630817840459671	-1.83055599830155	20	NFKB1 SPEN FBXW7 STAT3 ADAM17 PIK3R1 ITCH SNW1 NCOR1 EP300 NOTCH2 RBPJ NCOR2 TLE1 MAML3
WP_NOVEL_INTRACELLULAR_COMPONENTS_OF_RIG_I_LIKE_RECEPTOR_PATHWAY	0.000925592077812948	0.0102113706649041	0.477270815362862	-0.681449744614697	-2.06408202760115	22	NFKBIA NFKB1 TRAF3 DDX3X CXCL8 TANK CHUK MAPK8 SNW1 CYLD
WP_NO_CGMP_PKG_MEDIATED_NEUROPROTECTION	0.164009111617312	0.337898290199522	0.16440575583821	-0.542912833032015	-1.39681947618936	11	NFKBIA NFKB1
WP_NRF2_ARE_REGULATION	0.519784172661871	0.632619882741494	0.0716527366829457	0.374663774871093	0.935850901423201	12	PRKCA RBX1
WP_NRF2_PATHWAY	0.624338624338624	0.710871330112796	0.0617054053637523	0.284764352545753	0.880682086019268	29	PRDX1 HSPA1A GSTP1 HSP90AA1
WP_NRP1_TRIGGERED_SIGNALING_PATHWAYS_IN_PANCREATIC_CANCER	0.322357019064125	0.494377132376371	0.0956031492204301	0.425245695312635	1.11527199354509	14	SEMA3A PLXNA2
WP_NUCLEAR_RECEPTORS_META_PATHWAY	0.0224412714805148	0.0892431958876286	0.352487857583619	-0.381864275299765	-1.52430138970827	87	JUND JUN JUNB SRGN TSC22D3 EGR1 MGST1 ABHD2 TXNRD1 FKBP5 NR3C1 SREBF1 NCOA1 STAT3
WP_NUCLEOTIDE_BINDING_OLIGOMERIZATION_DOMAIN_NOD_PATHWAY	0.566210045662101	0.667737364194615	0.0795564677235957	-0.334734285829464	-0.890416817370544	13	NFKBIA
WP_NUCLEOTIDE_EXCISION_REPAIR	0.962230215827338	0.965052005316568	0.0425877779273254	0.196137552179719	0.489920609681264	12	PCNA GTF2H5 POLD4 RBX1 DDB2 POLE2 CETN2 GTF2H1 ERCC2 RPA3
WP_NUCLEOTIDE_EXCISION_REPAIR_IN_XERODERMA_PIGMENTOSUM	0.800448430493274	0.825557549346321	0.0613026075396207	-0.237648557048088	-0.719827279069062	22	H3-3B H2AC6 H4C5 MNAT1 CCNH
WP_N_GLYCAN_BIOSYNTHESIS	0.598591549295775	0.689287238583013	0.0636424081651019	0.310680417166829	0.877016497384039	20	MPI B4GALT2 ALG14 ALG1 DPAGT1
WP_ONCOSTATIN_M_SIGNALING_PATHWAY	0.000208210732345455	0.0044505044038841	0.518848077743792	-0.66270780504981	-2.15135466501391	28	JUND NFKBIA FOS JUNB NFKB1 EGR1 MAP2K1 KRAS STAT3 PRKCB PIK3R1 PRKCD MAPK8 PRKCH GRB2 JAK1 HIF1A JAK3 CEBPB
WP_ONE_CARBON_METABOLISM_AND_RELATED_PATHWAYS	0.204506065857886	0.38613747703613	0.125033367555272	0.484239498032263	1.26999228040785	14	BCAT1 GPX1 SHMT2 GPX7 SOD1 AHCYL1 MAT2A
WP_OREXIN_RECEPTOR_PATHWAY	0.509132420091324	0.621868884540118	0.0852884689790502	-0.306747679924817	-0.946307694944108	24	CXCL8 MAP2K1 STAT3 PRKCB PIK3R1 PRKCD MAPK8 SMAD1 HIF1A PLD1 GNAS
WP_OSTEOBLAST_DIFFERENTIATION_AND_RELATED_DISEASES	0.283928571428571	0.445683903252711	0.105125131597001	0.380598646227523	1.16415453096419	28	PRKCA GLI2 PIK3R6
WP_OVARIAN_INFERTILITY	0.293181818181818	0.455764462809917	0.118815039412263	-0.471364730705867	-1.18061313942173	10	EGR1 SMAD3 NCOR1 CEBPB
WP_OVERLAP_BETWEEN_SIGNAL_TRANSDUCTION_PATHWAYS_CONTRIBUTING_TO_LMNA_LAMINOPATHIES	0.0953436807095344	0.22359900373599	0.216542836735348	-0.496590497543837	-1.48463570303379	21	JUNB TCF7L2 SMAD3 CTNNB1 CREBBP SREBF1 TGFB1 NAP1L1
WP_OVERVIEW_OF_PROINFLAMMATORY_AND_PROFIBROTIC_MEDIATORS	0.218181818181818	0.393067590987868	0.140406238523342	-0.524186542516383	-1.31291435122044	10	AREG NFKB1 CXCL8
WP_OXIDATIVE_DAMAGE_RESPONSE	0.334117647058824	0.496818414322251	0.112378519110475	-0.428004626118701	-1.14203228858881	14	NFKB1 TRAF3 NFKBIE TNK2
WP_OXIDATIVE_PHOSPHORYLATION	0.0000377180986076416	0.0017792837980724	0.557332238758646	0.670235091750211	2.21147604995671	41	MT-ND1 MT-ND5 MT-ND4 MT-ATP6 MT-ND3 MT-ND2 NDUFAB1 MT-ND6 ATP5F1A ATP5MF NDUFB7 ATP5MC3 NDUFS3 NDUFS2 NDUFC2 ATP5MC1 NDUFB10 ATP5PD NDUFA2
WP_OXIDATIVE_STRESS_RESPONSE	0.0200780876795127	0.0854625409161808	0.352487857583619	-0.646298120167311	-1.74787167015025	15	FOS JUNB NFKB1 MGST1 TXNRD1
WP_OXYSTEROLS_DERIVED_FROM_CHOLESTEROL	0.217625899280576	0.393067590987868	0.123257226381337	0.513016850658253	1.2814350207703	12	SLC27A5 CYP7B1 GPR183 NR1I2 ACOT4 ACOT7 DBP SLC27A2 EBP SCP2
WP_P38_MAPK_SIGNALING_PATHWAY	0.0739910313901345	0.197694786995516	0.248911114434702	-0.605874745700127	-1.60369426192786	12	ATF2 MAPKAPK2 MAP3K5 RPS6KA5 DDIT3 GRB2
WP_P53_TRANSCRIPTIONAL_GENE_NETWORK	0.377019748653501	0.537253141831239	0.0886261133285098	0.360872017000943	1.06853937862499	25	NCF2 FANCC GPX1 CCNG1 PCNA FUCA1
WP_PANCREATIC_ADENOCARCINOMA_PATHWAY	0.0932400932400932	0.221810933940775	0.224966093540314	-0.436147757924736	-1.44645457659834	32	NFKB1 BRAF SMAD3 MAP2K1 KRAS STAT3 PIK3R1 PRKCD CHUK MAPK8 TGFB1 JAK1
WP_PARKINSON_39_S_DISEASE_PATHWAY	0.939759036144578	0.952604993505556	0.0416556773979467	0.20384047267356	0.544983898565354	15	PARK7 UBB UBE2L6 UBA1 MAPK11 HTRA2 EPRS1 UBE2G2 MAPK13 CCNE2 UBE2G1 APAF1 UBE2J2 MAPK14 ATXN2
WP_PARKIN_UBIQUITIN_PROTEASOMAL_SYSTEM_PATHWAY	0.263620386643234	0.418582375478927	0.108820126769161	0.391525562312955	1.19463160224204	27	HSPA1B PSMD4 PSMD10 HSPA1A CASP1
WP_PATHOGENIC_ESCHERICHIA_COLI_INFECTION	0.447735191637631	0.584148727984345	0.0776798560117236	0.35921305987795	1.00042558158113	19	PRKCA ACTB ARPC5 ARPC1B ARPC4
WP_PATHWAYS_AFFECTED_IN_ADENOID_CYSTIC_CARCINOMA	0.0190952366637827	0.0837252684488933	0.352487857583619	-0.50696275438776	-1.69306911505003	33	ARID4B KANSL1 ARID1A KMT2C KDM6A CREBBP JMJD1C FBXW7 KDM6B SETD2 NCOR1 KAT6A SMARCA2 CTBP1 EP300 MORF4L1 ERBIN MGA FOXO3 ATRX PIK3CA RAF1
WP_PDGFR_BETA_PATHWAY	0.101176470588235	0.233745280164928	0.216542836735348	-0.54053422114388	-1.48136273801362	16	JUN FOS MAP2K1 STAT3 PRKCB PIK3R1 MAPK8 GRB2 JAK1
WP_PDGF_PATHWAY	0.0636363636363636	0.174681753889675	0.271288554688953	-0.508258802405857	-1.5411761067401	23	JUN NFKBIA FOS NFKB1 MAP2K1 STAT3 PIK3R1 CHUK MAPK8 GRB2 JAK1
WP_PHOSPHODIESTERASES_IN_NEURONAL_FUNCTION	0.233812949640288	0.401865831078194	0.118287526124085	0.504115229796315	1.25920017858242	12	PDE4D ADCY9 GUCY1A1 PDE9A
WP_PHOSPHOINOSITIDES_METABOLISM	0.187175043327556	0.37002233998858	0.131457611642763	0.488166253704857	1.31466163201595	16	PLCB4 PIK3C2B
WP_PHOTODYNAMIC_THERAPY_INDUCED_AP_1_SURVIVAL_SIGNALING	0.00132028577608336	0.0115778906518079	0.45505986738723	-0.679705531028585	-1.97242207987721	20	MCL1 JUN FOS JUNB ATF2 MAP3K5 MAPK8
WP_PHOTODYNAMIC_THERAPY_INDUCED_HIF_1_SURVIVAL_SIGNALING	0.209567198177677	0.387416117712245	0.143758989039275	-0.513081386616126	-1.32006839789213	11	MCL1
WP_PHOTODYNAMIC_THERAPY_INDUCED_NFE2L2_NRF2_SURVIVAL_SIGNALING	0.0517136578146239	0.147383924771678	0.321775918075361	-0.656392495991555	-1.68878274124621	11	JUN FOS
WP_PHOTODYNAMIC_THERAPY_INDUCED_UNFOLDED_PROTEIN_RESPONSE	0.00477740083235765	0.0320014824118562	0.407017918923954	-0.742181109284022	-1.9742541150323	13	HSPA5 PPP1R15A ATF3 ATF6 CALR EIF2AK3 DDIT3 ERN1 HSP90B1
WP_PHYSICO_CHEMICAL_FEATURES_AND_TOXICITY_ASSOCIATED_PATHWAYS	0.235981308411215	0.401865831078194	0.136490437780413	-0.429780247966094	-1.22861691895981	19	JUN MAP2K1 CTNNB1 PPP2CA MAPK8 GRB2
WP_PHYSIOLOGICAL_AND_PATHOLOGICAL_HYPERTROPHY_OF_THE_HEART	0.0230034804502455	0.0904274748733787	0.352487857583619	-0.703197277697197	-1.80920323361166	11	JUN FOS STAT3 PRKCB MAPK8 PPP3CA
WP_PI3K_AKT_MTOR_SIGNALING_PATHWAY_AND_THERAPEUTIC_OPPORTUNITIES_IN_PROSTATE_CANCER	0.0933940774487472	0.221810933940775	0.222056046145248	-0.590721976348832	-1.5198240147852	11	RB1CC1 KRAS ULK1 PIK3R1 ATG13
WP_PI3K_AKT_SIGNALING_PATHWAY	0.384615384615385	0.54354736172918	0.11101149245045	-0.28175522120348	-1.06047987184667	65	MCL1 NFKB1 CSF3R GNB1 INSR MAP2K1 KRAS PPP2CA ATF2 PIK3R1 COL9A2 CREB5 CHUK GRB2 JAK1 HSP90B1 PHLPP1
WP_PLEURAL_MESOTHELIOMA	0.0069887495624392	0.0393294333276793	0.407017918923954	-0.377420559536913	-1.58031903897204	110	AREG MCL1 JUN CD44 RB1CC1 NFKB1 INSR ATF3 LATS2 TCF7L2 KMT2C MAP2K1 KDM6A CTNNB1 WNT5B ULK1 EZH2 ATF2 MAPKAPK2 MAP3K5 MAPK8 TGFB1 SETD2 RPS6KA5 DDIT3 GRB2 ATG13 RASSF2 FOSL1 JAK1
WP_PPAR_SIGNALING_PATHWAY	0.335701598579041	0.497012756337801	0.0946646223153342	0.457190993888674	1.13341488832251	11	SLC27A5 ACSL5 APOA1 FABP5 CPT2 SLC27A2 SCP2 CD36 DBI
WP_PRADER_WILLI_AND_ANGELMAN_SYNDROME	0.0881834215167548	0.216661387393095	0.199915231309662	0.461422491473788	1.42702736032261	29	ATP10A MKRN3 E2F1
WP_PRE_IMPLANTATION_EMBRYO	0.0878859857482185	0.216661387393095	0.234392647294686	-0.565760812827501	-1.5300637058427	15	FOSB EGR1 ZFP36 ZFP36L2 DDIT3 MXD1 SMARCA4
WP_PRIMARY_FOCAL_SEGMENTAL_GLOMERULOSCLEROSIS_FSGS	0.632404181184669	0.713802739158933	0.0605092988656667	0.319692802517004	0.864259754814485	17	FAT1 CDKN1C PCNA MKI67 PTPRO
WP_PRIMARY_OVARIAN_INSUFFICIENCY	0.748322147651007	0.799769295302014	0.0509082865515105	0.244402071051099	0.792557809822815	39	FANCC HLA-DRB1 FANCG MGME1 RAD51 PGRMC1 RECQL4 ATG9A SIL1 PARP1 DMC1 CLPP COX10 HARS2 COMT TNF
WP_PRION_DISEASE_PATHWAY	0.0371446773109733	0.122126824854433	0.321775918075361	-0.634698303292582	-1.69354701243728	14	NFKB1 HSPA5 PDIA3 PRNP STAT3 CHD2 HSP90B1
WP_PROLACTIN_SIGNALING_PATHWAY	0.021898133583822	0.0891566867341323	0.352487857583619	-0.501635687241783	-1.67527867032684	33	GAB2 JUN NFKBIA FOS NFKB1 FLNA YWHAZ MAP2K1 STAT3 PIK3R1
WP_PROSTAGLANDIN_AND_LEUKOTRIENE_METABOLISM_IN_SENESCENCE_WP5122	0.621342512908778	0.710699462925759	0.0607719451853533	0.316293094509005	0.845635027597618	15	ALOX5AP GNAI1 ALOX5 PTGS1 PRXL2B HRAS
WP_PROSTAGLANDIN_AND_LEUKOTRIENE_METABOLISM_IN_SENESCENCE_WP5321	0.218370883882149	0.393067590987868	0.120433371642259	0.467782883954347	1.25976796835358	16	GGT5 ALOX5AP GNAI1 ALOX5 PTGS1
WP_PROSTAGLANDIN_SYNTHESIS_AND_REGULATION	0.284090909090909	0.445683903252711	0.120985142145252	-0.476369584739609	-1.19314864759239	10	S100A10 PTGER4 ANXA1
WP_PROTEASOME_DEGRADATION	0.39327731092437	0.550409617528722	0.0826646449123753	0.328577040404747	1.06027800851566	38	PSMD4 PSMD10 PSME2 PSME1 PSMA6 PSMB9 PSMB6 PSMA4 PSMB8 PSMA5 H2AZ1 PSMB10
WP_RAC1_PAK1_P38_MMP2_PATHWAY	0.0378521737852921	0.122126824854433	0.321775918075361	-0.53462944268892	-1.67172746942807	26	NFKBIA NFKB1 CTNNB1 KRAS STAT3 PIK3R1 CHUK MAPK8 GRB2
WP_RANKL_RANK_SIGNALING_PATHWAY	0.00000129448688855979	0.000110678628971862	0.643551836150722	-0.796786902471375	-2.38212025596459	21	GAB2 JUN NFKBIA FOS NFKB1 RELB TRAF3 MAP2K1 LYN PIK3R1 CHUK MAPK8
WP_RAS_SIGNALING	0.0643564356435644	0.174681753889675	0.282013350011725	-0.42411947277585	-1.52157556328647	48	GAB2 NFKB1 GNB1 INSR MAP2K1 KRAS REL RAP1A PRKCB RAP1B PIK3R1 CHUK MAPK8 RASGRP3 NF1 GRB2
WP_REGUCALCIN_IN_PROXIMAL_TUBULE_EPITHELIAL_KIDNEY_CELLS	0.726027397260274	0.78328507843222	0.0668966276500666	-0.279032614002538	-0.742246440298329	13	BRAF MAP3K5 TGFB1
WP_REGULATION_OF_ACTIN_CYTOSKELETON	0.565	0.667737364194615	0.0637845390312975	0.279408693200754	0.922974965201411	42	PFN1 ACTB PDGFRB RAC2 ARPC5 DIAPH3 F2R TMSB4X CFL1 CYFIP2 PIK3C2B VAV1
WP_REGULATORY_CIRCUITS_OF_THE_STAT3_SIGNALING_PATHWAY	0.682624113475177	0.743495053530289	0.0577308549299813	0.27674671826611	0.818345655133325	24	IL2RA PDGFRB F2R
WP_RENIN_ANGIOTENSIN_ALDOSTERONE_SYSTEM_RAAS	0.562642369020501	0.667737364194615	0.0797705918628453	-0.339981421996706	-0.874712555854341	11	ATF2 ITPR2 CREB5 PLCB2
WP_RESISTIN_AS_A_REGULATOR_OF_INFLAMMATION	0.348235294117647	0.500405338606031	0.109684061970549	-0.418480398133984	-1.11661906821999	14	NFKBIA NFKB1 PLCB1 CXCL8
WP_RETINOBLASTOMA_GENE_IN_CANCER	0.652684563758389	0.728942819770158	0.0572461135202885	0.267012832153885	0.865880982662477	39	E2F1 RRM2 FANCG PCNA TOP2A TP53 KIF4A CDC25B H2AZ1 CCNB1 MDM2 ANLN DHFR
WP_RETT_SYNDROME_CAUSING_GENES	0.0162078387018153	0.0769872338336226	0.352487857583619	-0.582404471556394	-1.69006634002033	20	KDM5B BRAF TBL1XR1 SHANK3 MECP2 NCOR1 HDAC5 TRRAP SMARCA4 CHD4 SMARCA2 HIVEP2 CRK
WP_ROLES_OF_CERAMIDES_IN_DEVELOPMENT_OF_INSULIN_RESISTANCE	0.0818181818181818	0.209345940454794	0.237793834423688	-0.625952862575855	-1.56780540858252	10	INSR PPP2CA PIK3R1 MAPK8 ERN1
WP_ROLE_OF_HYPOXIA_ANGIOGENESIS_AND_FGF_PATHWAY_IN_OA_CHONDROCYTE_HYPERTROPHY	0.000980555977920605	0.0102641085291452	0.45505986738723	-0.719850227048254	-2.02353190607829	18	JUND JUN FOS JUNB FOSB NFKB1 RELB STAT3 FOSL2
WP_S1P_RECEPTOR_SIGNAL_TRANSDUCTION	0.66607460035524	0.734421136196193	0.0589694466690997	0.326668389591228	0.809838385393025	11	SPHK2 GNAI1 PIK3C2B AKT3 RACGAP1
WP_SARS_COV_2_INNATE_IMMUNITY_EVASION_AND_CELL_SPECIFIC_IMMUNE_RESPONSE	0.0886917960088692	0.216661387393095	0.224966093540314	-0.499767234023702	-1.49413305834056	21	NFKB1 NUP98 TRAF3 SMAD3 CXCL8 TANK AP1G1 TGFB1 JAK1
WP_SELENIUM_MICRONUTRIENT_NETWORK	0.0498762943594736	0.147383924771678	0.321775918075361	-0.463515686443934	-1.55503118655572	34	HBB MPO NFKB1 INSR TXNRD1
WP_SEROTONIN_HTR1_GROUP_AND_FOS_PATHWAY	0.0449271567044442	0.13968261448109	0.321775918075361	-0.599450651904381	-1.64282634525882	16	FOS BRAF MAP2K1 STAT3 RAP1A MAPKAPK2 RPS6KA5 GNAI3
WP_SEROTONIN_RECEPTOR_4_6_7_AND_NR3C_SIGNALING	0.00215676945711236	0.0171538407984285	0.431707695803346	-0.780555975214457	-1.95503519962628	10	EGR1 BRAF MAP2K1 NR3C1 RAP1A MAPKAPK2 RPS6KA5
WP_SIGNAL_TRANSDUCTION_THROUGH_IL1R	0.00023672486093796	0.00449777235782124	0.518848077743792	-0.813239328982934	-2.15256908250388	12	JUN NFKBIA NFKB1 IRAK3 CHUK MAPK8 TGFB1
WP_SMALL_CELL_LUNG_CANCER	0.124434389140272	0.27455845861918	0.190023305279108	-0.425753661562726	-1.38212817016827	28	NFKBIA NFKB1 TRAF3 PIK3R1 CHUK
WP_SMITH_MAGENIS_AND_POTOCKI_LUPSKI_SYNDROME_COPY_NUMBER_VARIATION	0.00280505179344208	0.0213183936301598	0.431707695803346	-0.504807579987792	-1.81105308097266	48	PER1 JUN RB1CC1 NFKB1 FNIP1 CRY1 ULK1 SREBF1 STAT3 MKLN1 PRKCI PPP1R12A
WP_SPHINGOLIPID_METABOLISM_INTEGRATED_PATHWAY	0.47864768683274	0.608540925266904	0.0753093764172773	0.399604817733616	0.974803393276203	10	SGPP2 SPHK2 SMPD1 PLPP1
WP_SPHINGOLIPID_PATHWAY	0.66785079928952	0.734421136196193	0.0588438169595807	0.326256981549261	0.808818470289328	11	SGPP2 SPHK2 PPP1CA
WP_SPINAL_CORD_INJURY	0.238907849829352	0.401865831078194	0.11331290842208	0.373927325271884	1.20359913997351	35	PRKCA PLXNA2 LTB MIF TNFSF13 E2F1 CD47 CCNG1
WP_SPLICING_FACTOR_NOVA_REGULATED_SYNAPTIC_PROTEINS	0.421143847487002	0.56043266864029	0.0806388495950661	0.394626724073462	1.03496904992774	14	PLCB4 STX2
WP_STEROL_REGULATORY_ELEMENT_BINDING_PROTEINS_SREBP_SIGNALING	0.217294900221729	0.393067590987868	0.13880510939114	-0.414933242711677	-1.2405084461991	21	SREBF1 SEC31A ATF6 SEC24B SIRT1 SREBF2 AMFR SEC23B SEC24A PIK3CA SEC31B LDLR
WP_SUDDEN_INFANT_DEATH_SYNDROME_SIDS_SUSCEPTIBILITY_PATHWAYS	0.00495929405797772	0.0320014824118562	0.407017918923954	-0.536523782507343	-1.84014342491832	38	JUN NFKB1 SPTBN1 YWHAZ EGR1 CXCL8 CTNNB1 CREBBP NR3C1 YWHAE MECP2 PKNOX1 HSP90B1
WP_SYNAPTIC_SIGNALING_PATHWAYS_ASSOCIATED_WITH_AUTISM_SPECTRUM_DISORDER	0.405829596412556	0.556526207605344	0.0972150808846466	-0.394607665244808	-1.04448989326098	12	KRAS PIK3R1 SHANK3 UBE3A NF1
WP_SYNAPTIC_VESICLE_PATHWAY	0.766903914590747	0.812015909566674	0.0524827622635459	0.291925795792567	0.712129192879627	10	PARK7 STX2 CLTCL1 AP2M1
WP_TAR_SYNDROME	0.654545454545455	0.728942819770158	0.0718276293603809	-0.275283104029182	-0.834731716422381	23	NFKB1 STAT3 SIRT1 CXCR4
WP_TGF_BETA_RECEPTOR_SIGNALING	0.000614858417393128	0.00714566629773317	0.477270815362862	-0.699388068251808	-2.02953838868279	20	JUN FOS NFKB1 SKI SMAD3 CTNNB1 CREBBP STAT3 TGFB1 JAK1 SMAD1 TGIF1
WP_TGF_BETA_RECEPTOR_SIGNALING_IN_SKELETAL_DYSPLASIAS	0.00130531815520429	0.0115778906518079	0.45505986738723	-0.674415056471169	-2.04277425915368	22	JUN FOS NFKB1 SKI SMAD3 CTNNB1 CREBBP STAT3 TGFB1 JAK1 SMAD1 TGIF1
WP_TGF_BETA_SIGNALING_PATHWAY	0.000000182040963684246	0.000031129004790006	0.690132458796796	-0.648129517611307	-2.38793140045918	57	JUND JUN FOS JUNB FOSB KLF6 SKI SPTBN1 ATF3 SMAD3 MAP2K1 DCP1A CREBBP SMURF1 ATF2 NUP153 SIN3A PIK3R1 ITCH MAPK8 TGFB1 GRB2 SNW1 TGIF1
WP_TH17_CELL_DIFFERENTIATION_PATHWAY	0.00815956152184389	0.0442947625471525	0.380730400722792	-0.601026437044699	-1.85414912471267	24	PER1 JUN NFKBIA FOS NFKB1 CRY1 STAT3 MAPK8 TGFB1 JAK1 PPP3CA NFIL3 HIF1A
WP_THERMOGENESIS	0.327868852459016	0.496818414322251	0.11331290842208	-0.324995174087324	-1.08536433303086	33	ARID1A SMARCC1 KRAS ATF2 MAP3K5 CREB5 GRB2 FRS2 ACSL3 SMARCA4 SMARCA2 SLC25A29 GNAS SOS2 PRKG2 MAPK14
WP_THYMIC_STROMAL_LYMPHOPOIETIN_TSLP_SIGNALING_PATHWAY	0.000373837929042236	0.00627579107656264	0.49849310876659	-0.732219513763414	-2.09320295025105	19	GAB2 NFKBIA NFKB1 RELB YES1 MAP2K1 STAT3 LYN MAPK8
WP_THYROID_HORMONES_PRODUCTION_AND_PERIPHERAL_DOWNSTREAM_SIGNALING_EFFECTS	0.246606334841629	0.405946850662659	0.130777137971974	-0.365376315695564	-1.18612461671274	28	PLCB1 MAP2K1 CTNNB1 ATF2 ITPR2 GRB2 SECISBP2L FRS2 MAP4K5 PRKG2 MAPK14 PIK3CA RAF1 MAPK1 FGFR1 ZNF516 KDM1A
WP_THYROID_STIMULATING_HORMONE_TSH_SIGNALING_PATHWAY	0.490230905861457	0.611894050381818	0.0739901439101342	0.313916820297514	0.976239128507946	30	PDE4D MYL12B GNAI1
WP_THYROXINE_THYROID_HORMONE_PRODUCTION	0.430493273542601	0.57065387423089	0.0937465422491719	-0.381216241244916	-1.0090440358786	12	NFKB1 MAP2K1 RAP1A RAP1B
WP_TLR4_SIGNALING_AND_TOLERANCE	0.000536344263277424	0.00679369400151404	0.477270815362862	-0.798993795473389	-2.12537986869585	13	NFKBIA NFKB1 IRAK3 TRAF3 CXCL8 CHUK TICAM1 INPP5D
WP_TNF_ALPHA_SIGNALING_PATHWAY	0.000990396437022784	0.0102641085291452	0.45505986738723	-0.556139922649584	-1.96682165428964	44	JUN NFKBIA NFKB1 RFFL CREBBP KRAS REL PPP2CA TANK MAP3K5 TNFAIP3 NFKBIE CHUK MAPK8 GRB2
WP_TNF_RELATED_WEAK_INDUCER_OF_APOPTOSIS_TWEAK_SIGNALING_PATHWAY	0.000527613030743974	0.00679369400151404	0.477270815362862	-0.749532609794045	-2.10217361768704	17	JUN NFKBIA NFKB1 RELB TRAF3 CTNNB1 CHUK MAPK8
WP_TOLL_LIKE_RECEPTOR_SIGNALING_PATHWAY	0.00325298862618645	0.0236706831948035	0.431707695803346	-0.574877883778186	-1.88051759172951	30	JUN NFKBIA FOS NFKB1 TRAF3 CXCL8 MAP2K1 PIK3R1 CHUK MAPK8 TICAM1
WP_TOLL_LIKE_RECEPTOR_SIGNALING_RELATED_TO_MYD88	0.0311823657548907	0.108820092736455	0.352487857583619	-0.685444788153583	-1.7635291923353	11	NFKB1 RELB TRAF3 REL CHUK TICAM1
WP_TRANSLATION_FACTORS	0.665188470066519	0.734421136196193	0.0697792517076235	-0.278217609852817	-0.831775474648016	21	ETF1 EEF2 EIF3A EIF2AK3 EIF5 EIF3H EIF3E EIF1
WP_TRANSLATION_INHIBITORS_IN_CHRONICALLY_ACTIVATED_PDGFRA_CELLS	0.363166953528399	0.51967823475612	0.0883594442500905	0.401021002551826	1.10773683570085	18	PRKCA PIM1 EIF4EBP1
WP_TRANS_SULFURATION_ONE_CARBON_METABOLISM_AND_RELATED_PATHWAYS	0.242685025817556	0.404869652827337	0.112843355675562	0.442244863349494	1.22160914868396	18	BCAT1 GPX1 SHMT2 GPX7 SOD1 AHCYL1 MTHFD1 MAT2A DHFR
WP_TROP2_REGULATORY_SIGNALING	0.332752613240418	0.496818414322251	0.0940503465727813	0.418104727912875	1.1303072411633	17	IGF2R PRKCA MDK
WP_TUMOR_SUPPRESSOR_ACTIVITY_OF_SMARCB1	0.330296127562642	0.496818414322251	0.11101149245045	-0.439517175997507	-1.1308005893404	11	H3-3B ARID1A SMARCC1 EZH2
WP_TYPE_2_PAPILLARY_RENAL_CELL_CARCINOMA	0.0867579908675799	0.216661387393095	0.231126709673834	-0.58437720248697	-1.55448458915095	13	CREBBP SFPQ TGFB1 SETD2 EGLN1 DIAPH1 HIF1A TFE3 EP300
WP_TYPE_II_INTERFERON_SIGNALING	0.127058823529412	0.278368744562014	0.191892240384838	-0.540051067120346	-1.44100254647067	14	IRF1 PRKCD IRF9 JAK1
WP_TYPE_I_COLLAGEN_SYNTHESIS_IN_THE_CONTEXT_OF_OSTEOGENESIS_IMPERFECTA	0.592255125284738	0.684294773133042	0.0770736734944102	-0.330073800738007	-0.849221984449774	11	P4HB P4HA1 P3H2 LRP5 MBTPS1 ITPR1 SERPINF1 BMP1 PPIB SERPINH1 MBTPS2
WP_TYROBP_CAUSAL_NETWORK_IN_MICROGLIA	0.0320281337983033	0.110257965864419	0.321775918075361	0.590971629365594	1.66824762618121	20	PPP1R18 NCF2 GPX1 CD4 SLC1A5 PYCARD ITGAM ITGB2 SAMSN1
WP_T_CELL_ACTIVATION_SARS_COV_2	0.0311251790028318	0.108820092736455	0.352487857583619	-0.53020289856015	-1.71636712006814	29	JUN NFKBIA FOS NFKB1 MAP2K1 PIK3R1 CHUK GRB2
WP_T_CELL_ANTIGEN_RECEPTOR_TCR_PATHWAY_DURING_STAPHYLOCOCCUS_AUREUS_INFECTION	0.00595060668246535	0.0357341353838388	0.407017918923954	-0.596886542014945	-1.87066808093515	25	JUN NFKBIA FOS NFKB1 MAP2K1 CHP1 CHUK GRB2
WP_T_CELL_RECEPTOR_SIGNALING_PATHWAY	0.000133027211506717	0.00379127552794144	0.518848077743792	-0.637925115096153	-2.15257760417423	35	GAB2 JUN NFKBIA FOS NFKB1 MAP2K1 REL ATF2 PIK3R1 PRKCD CHUK MAPK8 GRB2
WP_UNFOLDED_PROTEIN_RESPONSE	0.189497716894977	0.37162232928362	0.152144922367565	-0.50374075947884	-1.33998596147239	13	HSPA5 PPP1R15A ATF6 EIF2AK3 DDIT3 ERN1
WP_UREA_CYCLE_AND_METABOLISM_OF_AMINO_GROUPS	0.631672597864769	0.713802739158933	0.0615706755421678	0.340896513558384	0.831589268761674	10	SRM SMS ALDH18A1 ARG1 OAT ACY1 ODC1 CKM PYCR3 ARG2
WP_UROTENSIN_II_MEDIATED_SIGNALING_PATHWAY	0.231818181818182	0.401865831078194	0.135740943810425	-0.393054994237715	-1.19184746606772	23	NFKB1 SMAD3 CTNNB1 CREBBP STAT3 CHUK MAPK8 TGFB1 DDIT3
WP_VASOPRESSIN_REGULATED_WATER_REABSORPTION	0.625649913344887	0.710871330112796	0.0607719451853533	0.322750100893205	0.846461592457535	14	ARHGDIB ADCY9 DYNLL1 RAB11A CREB3
WP_VEGFA_VEGFR2_SIGNALING	0.0340411187247506	0.11413786866534	0.321775918075361	-0.305828694737523	-1.35502212406442	164	JUN NFKBIA QKI NFKB1 RBM39 PRRC2C EGR1 NR4A3 CXCL8 MAP2K1 CTNNB1 TMOD3 CREBBP OCLN P4HB EZR STAT3 RAP1A PPP2CA PTPN14 ATF2 MAPKAPK2 PRKCB ATF6 MAP3K5 RAP1B PIK3R1 YWHAE CALR ANXA1 ACACB PRKCI EPB41 PRKCD ITCH MAPK8 EIF2AK3 LUC7L NAP1L1 RPS6KA5 GRB2 ERN1 BRD4 EIF3H CTNND1 SDCBP PPP3CA
WP_VITAMIN_B12_METABOLISM	0.00937027149729671	0.0485550432132648	0.380730400722792	-0.6733971045399	-1.84548052561901	16	HBB MPO NFKB1 INSR
WP_VITAMIN_D_IN_INFLAMMATORY_DISEASES	0.000451327829461411	0.00643142156982511	0.49849310876659	-0.819687341782478	-2.05304636279615	10	DUSP1 NFKBIA NFKB1 SMAD3 NR3C1 CHUK
WP_VITAMIN_D_RECEPTOR_PATHWAY	0.0374958886894626	0.122126824854433	0.321775918075361	-0.458575291496708	-1.54702632844903	36	ADGRE5 JUNB ATP2B1 DUSP10 CLMN PTGER4 TNFAIP3 TRAK1 TGFB1 LPGAT1 MXD1 HIF1A TREM1 NINJ1
WP_WNT_SIGNALING	0.293072824156306	0.455764462809917	0.102821842840815	0.368905171036316	1.14724551023818	30	PLCB4 PRKCA VANGL1
WP_WNT_SIGNALING_PATHWAY	0.549065420560748	0.654900008784002	0.0824344091527096	-0.318367987659842	-0.910121621328973	19	TCF7L2 CSNK1D CTNNB1 PRKCB MAPK8 PRKCG PIP5K1B AXIN1 CTBP1
WP_WNT_SIGNALING_PATHWAY_AND_PLURIPOTENCY	0.0105466235328506	0.0530433124740425	0.380730400722792	-0.537957319607491	-1.79657956163363	33	JUN CD44 PAFAH1B1 TCF7L2 CTNNB1 CREBBP WNT5B PPP2CA PRKCB PRKCI PRKCD PRKCH FOSL1 CTNND1
